"study name","article code","mean experimental group","sd experimental group","number of animals in intervention group","mean control group","sd control group","number of animals in control group","type of ssri","frequency","disease induction","species","type of test","sensitivity analysis","Process"
"Aguiar_2013_Fluoxetine_20_Chronic_19x_Rat_Healthy_ConditionedFreezing_AcqLearnCue","Aguiar 2013",22.33,5.72,4,27.07,2.37,4,"Fluoxetine","Chronic [daily, 19x]","None","Rat","Conditioned freezing","AA; periodontal ligature & pain; inflammatory periodontal disease","Acq learn to cue"
"Beulig_2008_Fluoxetine_81ug/L_Chronic_CommonGoldfish_Healthy_ActiveAvoidance_AcqLearnCue","Beulig 2008",21.9607843137255,15.1881699851271,15,24.3137254901961,17.4663954828962,15,"Fluoxetine","Chronic [daily, NR]","None","Common goldfish","Active avoidance",NA,"Acq learn to cue"
"Bijlsma_2015_Paroxetine_10_Acute_Rat_Healthy_FPS_AcqLearnCue","Bijlsma 2015 (1)",1117.24,645.050361754801,11,744.83,286.689049668801,11,"Paroxetine","Acute","None","Rat","Fear potentiated startle",NA,"Acq learn to cue"
"Bijlsma_2015_Paroxetine_10_Chronic_21x_Rat_Healthy_FPS_AcqLearnCue","Bijlsma 2015 (2)",1241.38,716.722624172001,11,1365.52,788.394886589202,11,"Paroxetine","Chronic [daily, 21x]","None","Rat","Fear potentiated startle",NA,"Acq learn to cue"
"Bui_2013_Escitalopram_10_Chronic_14x_Human_Healthy_ConditionedFreezing_AcqLearnCue","Bui 2013",0.685,0.441234631460406,18,0.856,0.442741459544958,20,"Escitalopram","Chronic [daily, 14x]","None","Human","Conditioned freezing",NA,"Acq learn to cue"
"Burghardt_2004_Citalopram_10_Acute_Rat_Healthy_ConditionedFreezing_AcqLearnCue","Burghardt 2004 (1)",48.91,19.56,9,16.3,24.45,9,"Citalopram","Acute","None","Rat","Conditioned freezing",NA,"Acq learn to cue"
"Burghardt_2004_Citalopram_10_Chronic_22x_Rat_Healthy_ConditionedFreezing_AcqLearnCue","Burghardt 2004 (2)",18.95,29.9467694417946,10,18.95,28.41,9,"Citalopram","Chronic [daily, 22x]","None","Rat","Conditioned freezing",NA,"Acq learn to cue"
"Burghardt_2004_Citalopram_10_Acute_Rat_Healthy_ConditionedFreezing_AcqLearnRetrCue","Burghardt 2004 (3)",59.6330275229358,16.5137614678899,9,36.697247706422,19.2660550458716,9,"Citalopram","Acute","None","Rat","Conditioned freezing","Learning measured as retrieval","Acq learn to cue"
"Burghardt_2004_Citalopram_10_Chronic_22x_Rat_Healthy_ConditionedFreezing_AcqLearnRetrCue","Burghardt 2004 (4)",16.09,9.07573688468325,10,31.03,12.06,9,"Citalopram","Chronic [daily, 22x]","None","Rat","Conditioned freezing","Learning measured as retrieval","Acq learn to cue"
"Dutta_2019_Paroxetine_5_Acute_Rat_Healthy_ConditionedFreezing_AcqLearnCue","Dutta 2019",65.8064516129032,30.6026870338875,8,48.3870967741935,14.2812539491475,8,"Paroxetine","Acute","None","Rat","Conditioned freezing",NA,"Acq learn to cue"
"Fuertig_2016_Escitalopram_10_Subchronic_3x_Mouse_Healthy_ConditionedFreezing_AcqLearnCue","Fuertig 2016 (1)",24.53,16.8549399286975,10,32,12.020432604528,12,"Escitalopram","Subchronic [daily, 3x]","None","Mouse","Conditioned freezing",NA,"Acq learn to cue"
"Fuertig_2016_Escitalopram_10_Subchronic_3x_Mouse_ChronicSocialDefeat_ConditionedFreezing_AcqLearnCue","Fuertig 2016 (2)",45.33,21.6887067387615,15,54.4,11.3478412043877,15,"Escitalopram","Subchronic [daily, 3x]","Chronic social defeat","Mouse","Conditioned freezing",NA,"Acq learn to cue"
"Grillon_2007_Citalopram_20mg_Acute_Human_Healthy_FPS_AcqLearnCue","Grillon 2007",58.6,41.577878733769,18,53.6,34.3653895656662,18,"Citalopram","Acute","None","Human","Fear potentiated startle","Instructed fear","Acq learn to cue"
"Jiang_2014_Fluoxetine_10_Chronic_14x_Rat_Healthy_ConditionedFreezing_AcqLearnCue","Jiang 2014",61.7834394904459,18.0154593932878,8,90.4458598726115,18.0154593932878,8,"Fluoxetine","Chronic [daily, 14x]","None","Rat","Conditioned freezing","BrdU injection","Acq learn to cue"
"Lee_2012_Fluoxetine_10_Chronic_10x_Rat_ImmobilizationStressed_ActiveAvoidance_AcqLearnCue","Lee 2012",45.0777202072539,26.0462564301695,7,30.5699481865285,12.3377004142908,7,"Fluoxetine","Chronic [daily, 10x]","Immobilization stressed","Rat","Active avoidance",NA,"Acq learn to cue"
"Lee_2018b_Fluoxetine_10_Chronic_14x_Rat_SingleProlongedStress_ConditionedFreezing_AcqLearnCue","Lee 2018b",39.9141630901288,13.4356015815438,4,65.2360515021459,14.3952874087969,4,"Fluoxetine","Chronic [daily, 14x]","Single prolonged stress","Rat","Conditioned freezing",NA,"Acq learn to cue"
"Leuner_2004_Fluoxetine_5_Acute_Rat_Healthy_ConditionedFreezing_AcqLearnRetrCue","Leuner 2004 (1)",59.6685082872928,19.2182620231227,10,56.9060773480663,16.0791516142047,7,"Fluoxetine","Acute","None","Rat","Conditioned freezing","AA; electrode implantation; Learning measured as retrieval","Acq learn to cue"
"Leuner_2004_Fluoxetine_5_Acute_Rat_AcuteUncontrollableStress_ConditionedFreezing_AcqLearnRetrCue","Leuner 2004 (2)",40.3314917127072,19.0026337258783,7,41.4364640883978,19.0026337258783,7,"Fluoxetine","Acute","Acute uncontrollable stress","Rat","Conditioned freezing","AA; electrode implantation; Learning measured as retrieval","Acq learn to cue"
"Leuner_2004_Fluoxetine_5_Chronic_14x_Rat_Healthy_ConditionedFreezing_AcqLearnRetrCue_Females","Leuner 2004 (3)",57.2222222222222,20,9,64.4444444444444,13.3333333333333,9,"Fluoxetine","Chronic [daily, minimally 14x]","None","Rat","Conditioned freezing","AA; electrode implantation; Learning measured as retrieval","Acq learn to cue"
"Leuner_2004_Fluoxetine_5_Chronic_14x_Rat_Healthy_ConditionedFreezing_AcqLearnRetrCue_Males","Leuner 2004 (4)",37.7777777777778,29.865955679368,10,29.4444444444444,16.6666666666667,9,"Fluoxetine","Chronic [daily, minimally 14x]","None","Rat","Conditioned freezing","AA; electrode implantation; Learning measured as retrieval","Acq learn to cue"
"Leuner_2004_Fluoxetine_5_Chronic_14x_Rat_AcuteUncontrollableStress_ConditionedFreezing_AcqLearnRetrCue_Females","Leuner 2004 (5)",65.5555555555556,18.8561808316413,8,37.7777777777778,21.6666666666667,9,"Fluoxetine","Chronic [daily, minimally 14x]","Acute uncontrollable stress","Rat","Conditioned freezing","AA; electrode implantation; Learning measured as retrieval","Acq learn to cue"
"Leuner_2004_Fluoxetine_5_Chronic_14x_Rat_AcuteUncontrollableStress_ConditionedFreezing_AcqLearnRetrCue_Males","Leuner 2004 (6)",54.4444444444444,21.9988776369148,8,45,15,9,"Fluoxetine","Chronic [daily, minimally 14x]","Acute uncontrollable stress","Rat","Conditioned freezing","AA; electrode implantation; Learning measured as retrieval","Acq learn to cue"
"Li_2020_Sertraline_15_Chronic_12x_Mouse_SingleProlongedStress_ConditionedFreezing_AcqLearnRetrCue","Li 2020",17.0807453416149,5.89244284503425,10,37.888198757764,11.7848856900685,10,"Sertraline","Chronic [daily, 12x]","Single prolonged stress","Mouse","Conditioned freezing","Learning measured as retrieval; Learning measured as retrieval","Acq learn to cue"
"Lin_2016_Escitalopram_5_Chronic_14x_Rat_Healthy_ConditionedFreezing_AcqLearnCue","Lin 2016 (1)",67.9802955665025,13.9331385455477,8,53.2019704433498,13.9331385455477,8,"Escitalopram","Chronic [daily, 14x]","None","Rat","Conditioned freezing",NA,"Acq learn to cue"
"Lin_2016_Escitalopram_5_Chronic_14x_Rat_SingleProlongedStress_ConditionedFreezing_AcqLearnCue","Lin 2016 (2)",66.5024630541872,11.1465108364382,8,70.935960591133,8.35988312732864,8,"Escitalopram","Chronic [daily, 14x]","Single prolonged stress","Rat","Conditioned freezing",NA,"Acq learn to cue"
"Montoya_2020_Citalopram_10_Acute_Mouse_Healthy_ConditionedFreezing_AcqLearnRetrCue_Paired","Montoya 2020 (1)",25.8883248730964,14.9466313343507,12,15.2284263959391,3.51685443161193,12,"Citalopram","Acute","None","Mouse","Conditioned freezing","Learning measured as retrieval","Acq learn to cue"
"Montoya_2020_Citalopram_10_Acute_Mouse_Healthy_ConditionedFreezing_AcqLearnRetrCue_Unpaired","Montoya 2020 (2)",32.994923857868,7.91292247112685,12,38.0710659898477,6.15449525532088,12,"Citalopram","Acute","None","Mouse","Conditioned freezing","Learning measured as retrieval","Acq learn to cue"
"Perkins_2009_Citalopram_10mg_Acute_Human_Healthy_ActiveAvoidance_AcqLearnCue","Perkins 2009",0.0134328358208955,0.0470575499742493,20,0.00917910447761194,0.0480587744417865,20,"Citalopram","Acute","None","Human","Active avoidance","Confounded measurement (acquisition)","Acq learn to cue"
"Ravinder_2013_Fluoxetine_10_Acute_Rat_Healthy_ConditionedFreezing_AcqLearnCue","Ravinder 2013 (1)",91.6666666666667,4.79699664971018,14,66.025641025641,36.9800130816819,13,"Fluoxetine","Acute","None","Rat","Conditioned freezing",NA,"Acq learn to cue"
"Ravinder_2013_Fluoxetine_9ug_Acute_Rat_Healthy_ConditionedFreezing_AcqLearnCue_CeA","Ravinder 2013 (2)",6.15942028985507,12.9627129130423,5,2.17391304347826,28.8402155683078,11,"Fluoxetine","Acute","None","Rat","Conditioned freezing","AA; bilateral cannulae in CeA","Acq learn to cue"
"Ravinder_2013_Fluoxetine_9ug_Acute_Rat_Healthy_ConditionedFreezing_AcqLearnCue_BNST","Ravinder 2013 (3)",45.6521739130435,44.0660747695964,8,39.4927536231884,36.9565217391304,9,"Fluoxetine","Acute","None","Rat","Conditioned freezing","AA; bilateral cannulae in BNST","Acq learn to cue"
"Ravinder_2013_Fluoxetine_10_Acute_Rat_Healthy_ConditionedFreezing_AcqLearnRetrCue","Ravinder 2013 (4)",74.3589743589744,21.5864849236958,14,53.2051282051282,32.3575114464717,13,"Fluoxetine","Acute","None","Rat","Conditioned freezing","Confounded measurement (acquisition); Learning measured as retrieval","Acq learn to cue"
"Ravinder_2013_Fluoxetine_9ug_Acute_Rat_Healthy_ConditionedFreezing_AcqLearnRetrCue_CeA","Ravinder 2013 (5)",43.1034482758621,14.65010054224,5,46.8965517241379,19.4422832538075,11,"Fluoxetine","Acute","None","Rat","Conditioned freezing","AA; bilateral cannulae in CeA; Confounded measurement (acquisition); Learning measured as retrieval","Acq learn to cue"
"Ravinder_2013_Fluoxetine_9ug_Acute_Rat_Healthy_ConditionedFreezing_AcqLearnRetrCue_BNST","Ravinder 2013 (6)",80.6896551724138,9.75319698188341,8,50.3448275862069,16.551724137931,9,"Fluoxetine","Acute","None","Rat","Conditioned freezing","AA; bilateral cannulae in BNST; Confounded measurement (acquisition); Learning measured as retrieval","Acq learn to cue"
"Regue_2019_Paroxetine_5.5_Chronic_28x_Mouse_Healthy_ConditionedFreezing_AcqLearnCue","Regue 2019 (1)",47.0198675496689,19.1137346882938,16,26.4900662251656,24.574801742092,16,"Paroxetine","Chronic [daily, 28x]","None","Mouse","Conditioned freezing",NA,"Acq learn to cue"
"Regue_2019_Paroxetine_5.5_Chronic_28x_Mouse_VGV5-HT2CR_ConditionedFreezing_AcqLearnCue","Regue 2019 (2)",43.7086092715232,29.8233913886032,10,94.7019867549669,2.29410702989255,10,"Paroxetine","Chronic [daily, 28x]","VGV 5-HT2CR","Mouse","Conditioned freezing",NA,"Acq learn to cue"
"Saulskaya_2020_Fluoxetine_1uM_Acute_1day_Rat_Healthy_ConditionedFreezing_AcqLearnRetrCue","Saulskaya 2020",43,5.65685424949238,8,40,7.48331477354788,14,"Fluoxetine","Acute [1 day]","None","Rat","Conditioned freezing","AA; unilateral cannulae implantation; Learning measured as retrieval","Acq learn to cue"
"Ulloa_2010_Sertraline_10_Chronic_13x_Rat_Healthy_ActiveAvoidance_AcqLearnCue","Ulloa 2010 (1)",17.96875,2.02049498885793,14,31.875,1.55038704844952,13,"Sertraline","Chronic [daily, 13x]","None","Rat","Active avoidance",NA,"Acq learn to cue"
"Ulloa_2010_Sertraline_10_Chronic_13x_Rat_Restraint_ActiveAvoidance_AcqLearnCue","Ulloa 2010 (2)",20.3125,2.48700623240072,7,7.8125,1.5556349186104,8,"Sertraline","Chronic [daily, 13x]","Restraint","Rat","Active avoidance",NA,"Acq learn to cue"
"Camp_2012_Fluoxetine_10_Chronic_23x_Mouse_Healthy_ConditionedFreezing_AcqLearnContext_S1","Camp 2012 (1)",46.9512195121951,18.9711575440293,8,64.0243902439024,13.7972054865668,8,"Fluoxetine","Chronic [daily, 23x]","None","Mouse","Conditioned freezing",NA,"Acq learn to ctx"
"Camp_2012_Fluoxetine_10_Chronic_23x_Mouse_Healthy_ConditionedFreezing_AcqLearnContext_B6","Camp 2012 (2)",57.9268292682927,13.7972054865668,8,64.6341463414634,15.5218561723876,8,"Fluoxetine","Chronic [daily, 23x]","None","Mouse","Conditioned freezing",NA,"Acq learn to ctx"
"Fuertig_2016_Escitalopram_10_Subchronic_3x_Mouse_Healthy_ConditionedFreezing_AcqLearnContext","Fuertig 2016 (1)",11.7333333333333,11.8058365979619,10,29.8666666666667,12.9326460298476,12,"Escitalopram","Subchronic [daily, 3x]","None","Mouse","Conditioned freezing",NA,"Acq learn to ctx"
"Fuertig_2016_Escitalopram_10_Subchronic_3x_Mouse_ChronicSocialDefeat_ConditionedFreezing_AcqLearnContext","Fuertig 2016 (2)",33.0666666666667,16.8654808542314,15,42.6666666666667,11.0851251684408,15,"Escitalopram","Subchronic [daily, 3x]","Chronic social defeat","Mouse","Conditioned freezing",NA,"Acq learn to ctx"
"Gravius_2006_Citalopram_10_Acute_Rat_Healthy_ConditionedFreezing_AcqLearnContext","Gravius 2006",71.4285714285714,11.7456027377683,10,38.2857142857143,17.1666501551998,10,"Citalopram","Acute","None","Rat","Conditioned freezing",NA,"Acq learn to ctx"
"Greenwood_2008_Fluoxetine_10_Acute_Rat_Healthy_ConditionedFreezing_AcqLearnContext_1","Greenwood 2008 (1)",45.4166666666667,15.8113883008419,10,27.0833333333333,13.1761569173682,10,"Fluoxetine","Acute","None","Rat","Conditioned freezing",NA,"Acq learn to ctx"
"Greenwood_2008_Fluoxetine_20_Acute_Rat_Healthy_ConditionedFreezing_AcqLearnContext_2","Greenwood 2008 (2)",40.8648648648649,27.519831484017,8,13.2972972972973,11.2816392200602,10,"Fluoxetine","Acute","None","Rat","Conditioned freezing",NA,"Acq learn to ctx"
"Grillon_2007_Citalopram_20mg_Acute_Human_Healthy_FPS_AcqLearnContext","Grillon 2007",35.2,26.7286363288515,18,39.8,34.3653895656662,18,"Citalopram","Acute","None","Human","Fear potentiated startle","Instructed fear","Acq learn to ctx"
"Inoue_1996a_Citalopram_10_Acute_Rat_Healthy_ConditionedFreezing_AcqLearnRetrContext","Inoue 1996a",34.6385542168675,28.9156626506024,16,78.3132530120482,24.0963855421687,16,"Citalopram","Acute","None","Rat","Conditioned freezing","Learning measured as retrieval","Acq learn to ctx"
"Kassai_2012_Escitalopram_10_Acute_Rat_Heatlhy_ConditionedFreezing_AcqLearnContext","Kassai 2012 (1)",156.462585034014,163.265306122449,9,318.027210884354,164.667659277526,15,"Escitalopram","Acute","None","Rat","Conditioned freezing",NA,"Acq learn to ctx"
"Kassai_2012_Fluoxetine_5_Acute_Rat_Heatlhy_ConditionedFreezing_AcqLearnContext","Kassai 2012 (2)",435.374149659864,67.3435029701474,8,357.142857142857,136.054421768707,16,"Fluoxetine","Acute","None","Rat","Conditioned freezing",NA,"Acq learn to ctx"
"Kassai_2012_Paroxetine_0.15_Acute_Rat_Heatlhy_ConditionedFreezing_AcqLearnContext","Kassai 2012 (3)",234.69387755102,197.220258698289,8,326.530612244898,160.981762805432,35,"Paroxetine","Acute","None","Rat","Conditioned freezing",NA,"Acq learn to ctx"
"Kassai_2012_Sertraline_20_Acute_Rat_Heatlhy_ConditionedFreezing_AcqLearnContext","Kassai 2012 (4)",367.34693877551,129.609244103794,12,357.142857142857,150.584650484209,40,"Sertraline","Acute","None","Rat","Conditioned freezing",NA,"Acq learn to ctx"
"Lee_2018a_Fluoxetine_10_Chronic_14x_Rat_SingleProlongedStress_ConditionedFreezing_AcqLearnContext","Lee 2018a (1)",51.5068493150685,1.22524272739715,4,51.5068493150685,3.67572818219144,4,"Fluoxetine","Chronic [daily, 14x]","Single prolonged stress","Rat","Conditioned freezing",NA,"Acq learn to ctx"
"Lee_2018a_Fluoxetine_10_Chronic_14x_Rat_SingleProlongedStress_ConditionedFreezing_AcqLearnRetrContext","Lee 2018a (2)",39.1304347826087,6.94431048912978,4,56.5217391304348,9.02760363586872,4,"Fluoxetine","Chronic [daily, 14x]","Single prolonged stress","Rat","Conditioned freezing","Learning measured as retrieval","Acq learn to ctx"
"Li_2020_Sertraline_15_Chronic_12x_Mouse_SingleProlongedStress_ConditionedFreezing_AcqLearnRetrContext","Li 2020",38.4905660377358,16.1097163819899,10,77.5471698113207,17.8996848688776,10,"Sertraline","Chronic [daily, 12x]","Single prolonged stress","Mouse","Conditioned freezing","Learning measured as retrieval","Acq learn to ctx"
"Louis_2008_Fluoxetine_30_Acute_Rat_OlfactoryBulbectomy_PassiveAvoidance_AcqLearnRetrContext","Louis 2008",388.923076923077,73.8461538461539,6,147.692307692308,132.923076923077,6,"Fluoxetine","Acute","Olfactory bulbectomized","Rat","Passive avoidance","AA; olfactory bulbectomy; Learning measured as retrieval","Acq learn to ctx"
"Mead_2009_Citalopram_10_Subchronic_2x_Rat_Healthy_AvoidanceConditioning_AcqLearnContext","Mead 2009",5.76388888888889,4.71404520791032,8,9.44444444444444,3.14269680527355,8,"Citalopram","Subchronic [daily, 2x]","None","Rat","Avoidance conditioning",NA,"Acq learn to ctx"
"Melo_2012_Fluoxetine_20_Chronic_19x_Rat_Healthy_Plus-MazeDiscriminativeAvoidancTask_AcqLearnContext","Melo 2012",6.92771084337349,10.4774259824856,8,0.602409638554217,0.952493271135054,8,"Fluoxetine","Chronic [daily, 19x]","None","Rat","Plus-maze discriminative avoidance task",NA,"Acq learn to ctx"
"Menezes_2018_Paroxetine_20_Chronic_15x_Rat_Healthy_PassiveAvoidance_AcqLearnRetrCue","Menezes 2018",239.520958083832,122.155688622754,6,300,1e-18,6,"Paroxetine","Chronic [daily, 15x]","None","Rat","Passive avoidance","Learning measured as retrieval","Acq learn to ctx"
"Montezinho_2010_Escitalopram_1_Acute_Rat_Healthy_ConditionedFreezing_AcqLearnRetrContext_1","Montezinho 2010 (1)",47.1428571428571,18.8571428571429,9,17.1428571428571,14.5461966415518,8,"Escitalopram","Acute","None","Rat","Conditioned freezing","Learning measured as retrieval","Acq learn to ctx"
"Montezinho_2010_Escitalopram_1_Acute_Rat_Healthy_ConditionedFreezing_AcqLearnRetrContext_2","Montezinho 2010 (2)",61.7777777777778,32.3255049706101,10,28.4444444444444,22.4873078056418,10,"Escitalopram","Acute","None","Rat","Conditioned freezing","Learning measured as retrieval","Acq learn to ctx"
"Montoya_2020_Citalopram_10_Acute_Mouse_Healthy_ConditionedFreezing_AcqLearnRetrContext","Montoya 2020",26.7326732673267,6.85960715868862,12,28.7128712871287,8.57450894836078,12,"Citalopram","Acute","None","Mouse","Conditioned freezing","Learning measured as retrieval","Acq learn to ctx"
"Mutlu_2011_Citalopram_20_Acute_Rat_Healthy_PassiveAvoidance_AcqLearnContext","Mutlu 2011 (1)",10.3561643835616,10.3587733178223,8,22.1917808219178,10.6313726156598,8,"Citalopram","Acute","None","Rat","Passive avoidance",NA,"Acq learn to ctx"
"Mutlu_2011_Citalopram_20_Acute_Rat_Healthy_PassiveAvoidance_AcqLearnRetrContext","Mutlu 2011 (2)",26.3005780346821,23.4847709143663,8,254.913294797688,114.06888729835,8,"Citalopram","Acute","None","Rat","Passive avoidance","Confounded measurement (acquisition); Learning measured as retrieval","Acq learn to ctx"
"Nelson_1997_Fluoxetine_10_Subchronic_5x_Rat_Healthy_ActiveAvoidance_AcqLearnContext_1","Nelson 1997 (1)",18.9705882352941,9.30081664755406,10,5.29411764705882,5.34796957234358,10,"Fluoxetine","Subchronic [daily, 5x]","None","Rat","Active avoidance",NA,"Acq learn to ctx"
"Nelson_1997_Fluoxetine_10_Subchronic_5x_Rat_Healthy_ActiveAvoidance_AcqLearnContext_2","Nelson 1997 (2)",11.7391304347826,32.9976799321918,10,75.2173913043478,43.9969065762557,10,"Fluoxetine","Subchronic [daily, 5x]","None","Rat","Active avoidance",NA,"Acq learn to ctx"
"Nelson_1997_Fluoxetine_10_Subchronic_6x_Rat_Healthy_ActiveAvoidance_AcqLearnContext_3","Nelson 1997 (3)",10.3723404255319,3.53233142891149,10,7.18085106382979,1.00923755111757,10,"Fluoxetine","Subchronic [daily, 6x]","None","Rat","Active avoidance",NA,"Acq learn to ctx"
"Pytka_2017_Fluoxetine_20_Acute_Mouse_Healthy_StepThroughAvoidance_AcqLearnRetrContext","Pytka 2017",170.3,54.2963074250911,8,176.03,72.4161584178559,8,"Fluoxetine","Acute","None","Mouse","Step through avoidance","Confounded measurement (acquisition); Learning measured as retrieval","Acq learn to ctx"
"Shafia_2017_Fluoxetine_10_Chronic_30x_Rat_Healthy_InhibitoryAvoidance_AcqLearnContext","Shafia 2017 (1)",95,32.3839960474306,7,123,20.8749778442996,7,"Fluoxetine","Chronic [daily, 30x]","None","Rat","Inhibitory avoidance",NA,"Acq learn to ctx"
"Shafia_2017_Fluoxetine_10_Chronic_30x_Rat_SingleProlongedStress_InhibitoryAvoidance_AcqLearnContext","Shafia 2017 (2)",157,35.267864976491,7,57,25.1875524813349,7,"Fluoxetine","Chronic [daily, 30x]","Single prolonged stress","Rat","Inhibitory avoidance",NA,"Acq learn to ctx"
"Tikker_2020_Fluoxetine_15_Chronic_21x_Mouse_Healthy_ConditionedFreezing_AcqLearnContext","Tikker 2020 (1)",11.9170984455959,5.38461390954055,12,15.5440414507772,9.32642487046632,16,"Fluoxetine","Chronic [daily, 21x]","None","Mouse","Conditioned freezing",NA,"Acq learn to ctx"
"Tikker_2020_Fluoxetine_15_Chronic_21x_Mouse_Zfpm1CKO_ConditionedFreezing_AcqLearnContext","Tikker 2020 (2)",12.4352331606218,6.02018136716179,15,23.3160621761658,20.7253886010363,16,"Fluoxetine","Chronic [daily, 21x]","Zfpm1CKO","Mouse","Conditioned freezing",NA,"Acq learn to ctx"
"Tikker_2020_Fluoxetine_15_Chronic_21x_Mouse_Healthy_ConditionedFreezing_AcqLearnRetrContext","Tikker 2020 (3)",7.25388601036269,5.38461390954055,12,19.1709844559585,12.4352331606218,16,"Fluoxetine","Chronic [daily, 21x]","None","Mouse","Conditioned freezing","Learning measured as retrieval","Acq learn to ctx"
"Tikker_2020_Fluoxetine_15_Chronic_21x_Mouse_Zfpm1CKO_ConditionedFreezing_AcqLearnRetrContext","Tikker 2020 (4)",15.0259067357513,13.0437262955172,15,35.7512953367876,29.0155440414508,16,"Fluoxetine","Chronic [daily, 21x]","Zfpm1CKO","Mouse","Conditioned freezing","Learning measured as retrieval","Acq learn to ctx"
"Xiong_2015_Fluoxetine_10_Chronic_29x_Rat_Healthy_ConditionedFreezing_AcqLearnContext","Xiong 2015 (1)",70.03,14.64,9,64.46,6.27,9,"Fluoxetine","Chronic [daily, 29x]","None","Rat","Conditioned freezing",NA,"Acq learn to ctx"
"Xiong_2015_Fluoxetine_10_Chronic_29x_Rat_MaternalSeparation_ConditionedFreezing_AcqLearnContext","Xiong 2015 (2)",56.45,7.32,9,73.17,13.59,9,"Fluoxetine","Chronic [daily, 29x]","Maternal separation","Rat","Conditioned freezing",NA,"Acq learn to ctx"
"Zhang_2000_Fluoxetine_10_Chronic_15x_Rat_Healthy_ConditionedFreezing_AcqLearnRetrContext","Zhang 2000",413.2,52.1775813927783,10,467.1,70.9935208311294,8,"Fluoxetine","Chronic [daily, 15x]","None","Rat","Conditioned freezing","Learning measured as retrieval","Acq learn to ctx"
"Zhang_2012_Sertraline_15_Chronic_15x_Mouse_SingleProlongedStress_ConditionedFreezing_AcqLearnRetrContext","Zhang 2012",142.647058823529,37.2032665902162,10,233.823529411765,41.8536749139933,10,"Sertraline","Chronic [daily, 15x]","Single prolonged stress","Mouse","Conditioned freezing","Learning measured as retrieval","Acq learn to ctx"
"Bijlsma_2015_Paroxetine_20_Acute_Rat_Healthy_FPS_AcqRetrCue","Bijlsma 2015 (1)",2560.60606060606,1522.10525513629,11,1863.63636363636,1417.13247891999,11,"Paroxetine","Acute","None","Rat","Fear potentiated startle",NA,"Acq retr to cue"
"Bijlsma_2015_Paroxetine_10_Chronic_21x_Rat_Healthy_FPS_AcqRetrCue","Bijlsma 2015 (2)",1824.32,1474.59877553184,11,1388.51,807.516727504762,11,"Paroxetine","Chronic [daily, 21x]","None","Rat","Fear potentiated startle",NA,"Acq retr to cue"
"Burghardt_2007_Citalopram_10_Acute_Rat_Healthy_ConditionedFreezing_AcqRetrCue","Burghardt 2007 (1)",58.02,24.0455297300766,11,24.81,13.74,9,"Citalopram","Acute","None","Rat","Conditioned freezing",NA,"Acq retr to cue"
"Burghardt_2007_Fluoxetine_10_Acute_Rat_Healthy_ConditionedFreezing_AcqRetrCue","Burghardt 2007 (2)",58.33,19.56,9,31.16,21.6243936331172,11,"Fluoxetine","Acute","None","Rat","Conditioned freezing",NA,"Acq retr to cue"
"Burhans_2013_Fluoxetine_3_Subchronic_5x_Rabbit_Healthy_ConditionedFreezing_AcqRetrCue","Burhans 2013",78.7878787878788,34.4975744745641,10,50.6060606060606,43.1219680932052,10,"Fluoxetine","Subchronic [daily, 5x]","None","Rabbit","Conditioned freezing",NA,"Acq retr to cue"
"Cosentino_2019_Fluoxetine_20_Chronic_8x_Mouse_Healthy_ConditionedFreezing_AcqRetrCue","Cosentino 2019 (1)",2.94,7.32974078668543,11,-10.59,14.8943277793931,10,"Fluoxetine","Chronic [daily, 8x]","None","Mouse","Conditioned freezing",NA,"Acq retr to cue"
"Cosentino_2019_Fluoxetine_20_Chronic_31x_Mouse_MeCP2-308_ConditionedFreezing_AcqRetrCue","Cosentino 2019 (2)",11.5384615384615,8.20512820512821,4,23.974358974359,12.5503587832551,7,"Fluoxetine","Chronic [daily, 31x]","MeCP2-308","Mouse","Conditioned freezing",NA,"Acq retr to cue"
"Fuertig_2016_Escitalopram_10_Subchronic_4x_Mouse_Healthy_ConditionedFreezing_AcqRetrCue","Fuertig 2016 (1)",24,16.8549399286975,10,33.07,10.1498177323536,12,"Escitalopram","Subchronic [daily, 4x]","None","Mouse","Conditioned freezing","Confounded measurement (acquisition)","Acq retr to cue"
"Fuertig_2016_Escitalopram_10_Subchronic_4x_Mouse_ChronicSocialDefeat_ConditionedFreezing_AcqRetrCue","Fuertig 2016 (2)",37.33,20.6430012352855,15,51.2,18.5903200617956,15,"Escitalopram","Subchronic [daily, 4x]","Chronic social defeat","Mouse","Conditioned freezing","Confounded measurement (acquisition)","Acq retr to cue"
"Graham_2018_Fluoxetine_10_Chronic_14x_Rat_HighFear_ConditionedFreezing_AcqRetrCue","Graham 2018 (1)",34.8148148148148,32.049344670791,13,67.4074074074074,27.7159806427699,14,"Fluoxetine","Chronic [daily, 14x]","High fear","Rat","Conditioned freezing",NA,"Acq retr to cue"
"Graham_2018_Fluoxetine_10_Chronic_14x_Rat_LowFear_ConditionedFreezing_AcqRetrCue","Graham 2018 (2)",11.1111111111111,12.2837955198348,11,20.7407407407407,29.2803487052628,10,"Fluoxetine","Chronic [daily, 14x]","Low fear","Rat","Conditioned freezing",NA,"Acq retr to cue"
"Grillon_2009_Citalopram_10mg(2x)20mg(12x)/day_Chronic_14x_Human_Healthy_FPS_AcqRetrCue","Grillon 2009",51.4,6,25,52.2,5.29150262212918,28,"Citalopram","Chronic [daily, 14x]","None","Human","Fear potentiated startle","Instructed fear","Acq retr to cue"
"Gunduz-Cinar_2016_Citalopram_10_Chronic_21x_Mouse_Healthy_ConditionedFreezing_AcqRetrCue","Gunduz-Cinar 2016 (1)",72.43,20.1949696706878,18,68.17,25.5406969364581,18,"Citalopram","Chronic [daily, 21x]","None","Mouse","Conditioned freezing",NA,"Acq retr to cue"
"Gunduz-Cinar_2016_Fluoxetine_10_Chronic_21x_Mouse_Healthy_ConditionedFreezing_AcqRetrCue_1","Gunduz-Cinar 2016 (2)",49.62,24.6321740818792,9,69.21,14.7947963825123,9,"Fluoxetine","Chronic [daily, 21x]","None","Mouse","Conditioned freezing",NA,"Acq retr to cue"
"Gunduz-Cinar_2016_Fluoxetine_10_Chronic_21x_Mouse_Healthy_ConditionedFreezing_AcqRetrCue_2","Gunduz-Cinar 2016 (3)",36.55,17.2251211897043,15,48.98,25.8376817845564,15,"Fluoxetine","Chronic [daily, 21x]","None","Mouse","Conditioned freezing",NA,"Acq retr to cue"
"Huang_2014_Paroxetine_10_Chronic_14x_Mouse_Healthy_ConditionedFreezing_AcqLearnCue","Huang 2014",25.52,9.4,12,46.16,14.44,2,"Paroxetine","Chronic [daily, 14x]","None","Mouse","Conditioned freezing","Confounded measurement (acquisition)","Acq retr to cue"
"Joordens_1996_Fluvoxamine_20_Acute_Rat_Healthy_FPS_AcqRetrCue_Utrecht","Joordens 1996 (1)",5400,1247.07658144959,12,4830,1247.07658144959,12,"Fluvoxamine","Acute","None","Rat","Fear potentiated startle",NA,"Acq retr to cue"
"Joordens_1996_Fluvoxamine_20_Acute_Rat_Healthy_FPS_AcqRetrCue_Oss","Joordens 1996 (2)",2145,623.538290724796,12,2460,1143.15353299546,12,"Fluvoxamine","Acute","None","Rat","Fear potentiated startle",NA,"Acq retr to cue"
"Karpova_2011_Fluoxetine_10_Chronic_14x_Mouse_Healthy_ConditionedFreezing_AcqRetrCue_2","Karpova 2011 (1)",38.11,17.0130538117059,10,45.89,17.202790471316,10,"Fluoxetine","Chronic [daily, 14x]","None","Mouse","Conditioned freezing",NA,"Acq retr to cue"
"Karpova_2011_Fluoxetine_10_Chronic_23x_Mouse_Healthy_ConditionedFreezing_AcqRetrCue_1","Karpova 2011 (2)",25.45,21.3412839351338,31,32.78,19.1255222150926,31,"Fluoxetine","Chronic [daily, 23x]","None","Mouse","Conditioned freezing","Confounded measurement (acquisition)","Acq retr to cue"
"Lee_2021_Fluoxetine_10_Chronic_14x_Rat_SingleProlongedStress_ConditionedFreezing_AcqRetrCue","Lee 2021",34.2,2.38117617995813,7,45.9,5.87877538267963,6,"Fluoxetine","Chronic [daily, 14x]","Single prolonged stress","Rat","Conditioned freezing","Confounded measurement (acquisition)","Acq retr to cue"
"Miles_2011_Fluoxetine_10_Acute_Rat_Healthy_FPS_AcqRetrCue_PhasicFear","Miles 2011 (1)",0.97,0.72,16,1.07,0.489897948556636,6,"Fluoxetine","Acute","None","Rat","Fear potentiated startle",NA,"Acq retr to cue"
"Miles_2011_Fluoxetine_10_Acute_Rat_Healthy_FPS_AcqRetrCue_SustainedFear","Miles 2011 (2)",1.43,1.45402888554526,22,1.16,1.29799845916704,13,"Fluoxetine","Acute","None","Rat","Fear potentiated startle",NA,"Acq retr to cue"
"Miles_2011_Fluoxetine_10_Chronic_21x_Rat_Healthy_FPS_AcqRetrCue_PhasicFear","Miles 2011 (3)",2.4,1.53453576041746,7,1.7,0.989949493661167,8,"Fluoxetine","Chronic [daily, 21x]","None","Rat","Fear potentiated startle",NA,"Acq retr to cue"
"Miles_2011_Fluoxetine_10_Chronic_21x_Rat_Healthy_FPS_AcqRetrCue_SustainedFear","Miles 2011 (4)",2.76,3.08577380894971,20,2.12,1.90918830920368,18,"Fluoxetine","Chronic [daily, 21x]","None","Rat","Fear potentiated startle",NA,"Acq retr to cue"
"Mirza_2005_Paroxetine_1_Acute_Rat_Healthy_ConditionedEmotionalReponse_AcqRetrCue","Mirza 2005",21.5,13.8,9,2.9,2.7,9,"Paroxetine","Acute","None","Rat","Conditioned emotional response",NA,"Acq retr to cue"
"Miyajima_2017_Fluoxetine_20_Acute_Mouse_Healthy_ConditionedFreezing_AcqRetrCue","Miyajima 2017 (1)",25.92,18.33,6,63.33,19.8,6,"Fluoxetine","Acute","None","Mouse","Conditioned freezing",NA,"Acq retr to cue"
"Miyajima_2017_Fluoxetine_20_Acute_Mouse_Pdcd2-/-_ConditionedFreezing_AcqRetrCue","Miyajima 2017 (2)",40.4907975460123,40.4907975460123,6,66.2576687116565,34.9693251533742,6,"Fluoxetine","Acute","Pdcd2-/-","Mouse","Conditioned freezing",NA,"Acq retr to cue"
"Nikaido_2016_Paroxetine_10_Chronic_13x_Rat_Healthy_ConditionedFreezing_AcqRetrCue","Nikaido 2016",50.936329588015,18.3482377736568,6,74.9063670411985,33.0268279925822,6,"Paroxetine","Chronic [daily, 13x]","None","Rat","Conditioned freezing",NA,"Acq retr to cue"
"Perrine_2016_Paroxetine_10_Chronic_7x_Mouse_Healthy_ConditionedFreezing_AcqRetrCue","Perrine 2016 (1)",14.8948948948949,6.35615930586088,7,13.4534534534535,6.35615930586088,7,"Paroxetine","Chronic [daily, 7x]","None","Mouse","Conditioned freezing",NA,"Acq retr to cue"
"Perrine_2016_Paroxetine_10_Chronic_7x_Mouse_SingleProlongedStress_ConditionedFreezing_AcqRetrCue","Perrine 2016 (2)",14.2,3.04261400772428,7,21.1,8.38703165607475,7,"Paroxetine","Chronic [daily, 7x]","Single prolonged stress","Mouse","Conditioned freezing",NA,"Acq retr to cue"
"Popova_2014_Fluoxetine_10_Chronic_14x_Mouse_Healthy_ConditionedFreezing_AcqRetrCue","Popova 2014",16.88,18.2731934811625,6,41.05,20.67369342909,6,"Fluoxetine","Chronic [daily, 14x]","None","Mouse","Conditioned freezing",NA,"Acq retr to cue"
"Sanders_2016_Fluoxetine_19_Chronic_30x_Mouse_Healthy_ConditionedFreezing_AcqRetrCue_2","Sanders 2016 (1)",53.7016574585635,15.9392025814426,8,48.0662983425414,15.9392025814426,8,"Fluoxetine","Chronic [daily, 24x]","None","Mouse","Conditioned freezing","Confounded measurement (acquisition)","Acq retr to cue"
"Sanders_2016_Fluoxetine_19_Chronic_30x_Mouse_Healthy_ConditionedFreezing_AcqRetrCue_1","Sanders 2016 (2)",65.4545454545455,4.81045692920835,7,72.7272727272727,8.35053321403356,6,"Fluoxetine","Chronic [daily, 30x]","None","Mouse","Conditioned freezing","Confounded measurement (acquisition)","Acq retr to cue"
"Steiner_2012_Fluoxetine_10_Acute_Rat_Healthy_FPS_AcqRetrCue","Steiner 2012 (1)",120.56,66.3721869460394,10,85.05,29.1330945833085,10,"Fluoxetine","Acute","None","Rat","Fear potentiated startle",NA,"Acq retr to cue"
"Steiner_2012_Sertraline_100_Acute_Rat_Healthy_FPS_AcqRetrCue","Steiner 2012 (2)",303.703703703704,85.5333732132779,10,135.802469135802,8.55333732132779,10,"Sertraline","Acute","None","Rat","Fear potentiated startle",NA,"Acq retr to cue"
"Tamaki_2008_Fluvoxamine_30_Acute_Mouse_WIRS_ConditionedFreezing_AcqRetrCue","Tamaki 2008 (1)",32.76,12.4277512044617,10,30.59,9.13898243788662,10,"Fluvoxamine","Acute","WIRS","Mouse","Conditioned freezing",NA,"Acq retr to cue"
"Tamaki_2008_Fluvoxamine_30_Chronic_14x_Mouse_WIRS_ConditionedFreezing_AcqRetrCue","Tamaki 2008 (2)",9.51,5.8409245843445,10,30.08,13.076696830622,10,"Fluvoxamine","Chronic [daily, 14x]","WIRS","Mouse","Conditioned freezing",NA,"Acq retr to cue"
"Wang_2008_Paroxetine_10_Acute_Rat_SingleProlongedStress_ConditionedFreezing_AcqRetrCue","Wang 2008 (1)",99.3243243243243,53.0910845420627,14,105.945945945946,53.0910845420627,14,"Paroxetine","Acute","Single prolonged stress","Rat","Conditioned freezing",NA,"Acq retr to cue"
"Wang_2008_Paroxetine_10_Chronic_14x_Rat_SingleProlongedStress_ConditionedFreezing_AcqRetrCue","Wang 2008 (2)",26.9594594594595,55.7064989461342,12,105.945945945946,53.0910845420627,14,"Paroxetine","Chronic [daily, 14x]","Single prolonged stress","Rat","Conditioned freezing",NA,"Acq retr to cue"
"Witkin_2016_Paroxetine_3_Acute_Mouse_Healthy_ConditionedFreezing_AcqRetrCue","Witkin 2016",49.65,37.6436913705338,10,16.17,14.9248115565993,10,"Paroxetine","Acute","None","Mouse","Conditioned freezing",NA,"Acq retr to cue"
NA,NA,NA,NA,NA,NA,NA,NA,NA,NA,NA,NA,NA,NA,"Acq retr to cue"
NA,NA,NA,NA,NA,NA,NA,NA,NA,NA,NA,NA,NA,NA,"Acq retr to cue"
"Hellewell_1999_Fluvoxamine_25mg_Acute_Human_Healthy_ConditionedFreezing_AcqRetrCue",NA,NA,NA,10,NA,NA,10,"Fluvoxamine","Acute","None","Human","Conditioned freezing",NA,"Acq retr to cue"
"Bentefour_2015_Paroxetine_8_Chronic_7x_Mouse_Healthy_ConditionedFreezing_AcqRetrContext","Bentefour 2015",16.17,7.06415600054246,7,66.5,22.039108421168,7,"Paroxetine","Chronic [daily, 7x]","None","Mouse","Conditioned freezing",NA,"Acq retr to ctx"
"Cavazutti_1999_Fluoxetine_3_Acute_Rat_Healthy_CondEmoResp_AcqRetrContext","Cavazutti 1999 (1)",188.73,44.0237810734153,13,162.44,40.6345628744792,13,"Fluoxetine","Acute","None","Rat","Conditioned emotional response",NA,"Acq retr to ctx"
"Cavazutti_1999_Fluoxetine_3_Subchronic_5x_Rat_Healthy_CondEmoResp_AcqRetrContext","Cavazutti 1999 (2)",164.32,42.3291719739472,13,150.23,40.6345628744792,13,"Fluoxetine","Subchronic [daily, 5x]","None","Rat","Conditioned emotional response","Confounded measurement (acquisition)","Acq retr to ctx"
"Cavazutti_1999_Fluoxetine_3_Chronic_12x_Rat_Healthy_CondEmoResp_AcqRetrContext","Cavazutti 1999 (3)",166.2,49.1076083718195,13,152.11,50.766161958533,13,"Fluoxetine","Chronic [daily, 12x]","None","Rat","Conditioned emotional response","Confounded measurement (acquisition)","Acq retr to ctx"
"Cavazutti_1999_Fluoxetine_3_Chronic_26x_Rat_Healthy_CondEmoResp_AcqRetrContext","Cavazutti 1999 (4)",71.36,47.4129992723515,13,147.89,62.6284256548095,13,"Fluoxetine","Chronic [daily, 26x]","None","Rat","Conditioned emotional response","Confounded measurement (acquisition)","Acq retr to ctx"
"Clément_2020_Citalopram_100mg/L_Acute_Zebrafish_Healthy_ConditionedPlaceAversion_AcqRetrContext","Clément 2020",0.552995391705069,1.17972350230415,16,0.331797235023041,1.29032258064516,16,"Citalopram","Acute","None","Zebrafish","Conditioned place aversion",NA,"Acq retr to ctx"
"Cosentino_2019_Fluoxetine_20_Chronic_8x_Mouse_MeCP2-308_ConditionedFreezing_AcqRetrContext","Cosentino 2019 (1)",33.06,11.24,4,68.76,6.98478346121052,7,"Fluoxetine","Chronic [daily, 8x]","MeCP2-308","Mouse","Conditioned freezing",NA,"Acq retr to ctx"
"Cosentino_2019_Fluoxetine_20_Chronic_8x_Mouse_Healthy_ConditionedFreezing_AcqRetrContext","Cosentino 2019 (2)",37.69,16.7284488222907,10,54.21,15.3559727793455,11,"Fluoxetine","Chronic [daily, 8x]","None","Mouse","Conditioned freezing",NA,"Acq retr to ctx"
"Fuertig_2016_Escitalopram_10_Subchronic_4x_Mouse_Healthy_ConditionedFreezing_AcqRetrContext","Fuertig 2016 (1)",20.2666666666667,20.6559111797729,10,26.1333333333333,10.3279555898864,12,"Escitalopram","Subchronic [daily, 4x]","None","Mouse","Conditioned freezing","Confounded measurement (acquisition)","Acq retr to ctx"
"Fuertig_2016_Escitalopram_10_Subchronic_4x_Mouse_ChronicSocialDefeat_ConditionedFreezing_AcqRetrContext","Fuertig 2016 (2)",24.5333333333333,14.459137825841,15,40,18.5903200617956,15,"Escitalopram","Subchronic [daily, 4x]","Chronic social defeat","Mouse","Conditioned freezing","Confounded measurement (acquisition)","Acq retr to ctx"
"Gravius_2006_Citalopram_10_Acute_Rat_Healthy_ConditionedFreezing_AcqRetrContext","Gravius 2006",13.986013986014,5.93376319876823,7,43.8228438228438,19.1199036404754,7,"Citalopram","Acute","None","Rat","Conditioned freezing",NA,"Acq retr to ctx"
"Grillon_2009_Citalopram_10mg(2x)20mg(12x)/day_Chronic_14x_Human_Healthy_FPS_AcqRetrContext","Grillon 2009",48.1,5,25,49.3,4.76235235991626,28,"Citalopram","Chronic [daily, 14x]","None","Human","Fear potentiated startle","Instructed fear","Acq retr to ctx"
"Hashimoto_1996_Citalopram_10_Acute_Rat_Healthy_ConditionedFreezing_AcqRetrContext","Hashimoto 1996 (1)",42.1875,38.82260520296,8,81.25,15.1522881682832,8,"Citalopram","Acute","None","Rat","Conditioned freezing",NA,"Acq retr to ctx"
"Hashimoto_1996_Fluvoxamine_30_Acute_Rat_Healthy_ConditionedFreezing_AcqRetrContext","Hashimoto 1996 (2)",53.125,29.3830047712577,8,78.7946428571428,22.7284322524247,8,"Fluvoxamine","Acute","None","Rat","Conditioned freezing",NA,"Acq retr to ctx"
"Hashimoto_1999_Citalopram_10_Acute_Rat_Healthy_ConditionedFreezing_AcqRetrContext","Hashimoto 1999",324.383561643836,235.573108472011,8,572.054794520548,204.576646830957,8,"Citalopram","Acute","None","Rat","Conditioned freezing","AA; microdialysis","Acq retr to ctx"
"Hashimoto_2009_Citalopram_10_Acute_Rat_Healthy_ConditionedFreezing_AcqRetrContext","Hashimoto 2009",60.6060606060606,15.8233685300486,8,81.5850815850816,9.88960533128039,8,"Citalopram","Acute","None","Rat","Conditioned freezing","AA; microdialysis","Acq retr to ctx"
"Herrmann_2012_Fluoxetine_20_Chronic_28x_Mouse_Healthy_ConditionedFreezing_AcqRetrContext","Herrmann 2012",1.0062893081761,1.41194618368828,14,31.6981132075472,25.1572327044025,16,"Fluoxetine","Chronic [daily, 28x]","None","Mouse","Conditioned freezing",NA,"Acq retr to ctx"
"Huang_2014_Paroxetine_10_Chronic_14x_Mouse_Healthy_ConditionedFreezing_AcqLearnContext","Huang 2014",38.66,16.23,12,67.07,19.95,12,"Paroxetine","Chronic [daily, 14x]","None","Mouse","Conditioned freezing","Confounded measurement (acquisition)","Acq retr to ctx"
"Inoue_1996b_Citalopram_10_Acute_Rat_Healthy_ConditionedFreezing_AcqRetrContext","Inoue 1996b",10.6382978723404,11.9769470736146,8,56.1170212765958,40.5373593260801,8,"Citalopram","Acute","None","Rat","Conditioned freezing",NA,"Acq retr to ctx"
"Inoue_2004_Citalopram_3ug_Acute_Rat_Healthy_ConditionedFreezing_AcqRetrContext_Amygdala","Inoue 2004 (1)",9.74358974358974,16.2815465296283,7,40.5128205128205,28.4927064268494,7,"Citalopram","Acute","None","Rat","Conditioned freezing","AA: microinjection in amygdala","Acq retr to ctx"
"Inoue_2004_Citalopram_3ug_Acute_Rat_Healthy_ConditionedFreezing_AcqRetrContext_Thalamus","Inoue 2004 (2)",38.659793814433,26.2431382708409,7,42.2680412371134,36.4488031539458,7,"Citalopram","Acute","None","Rat","Conditioned freezing","AA; microinjection in Thalamus","Acq retr to ctx"
"Inoue_2004_Citalopram_3ug_Acute_Rat_Healthy_ConditionedFreezing_AcqRetrContext_MedialPrefrontalCortex","Inoue 2004 (3)",35.5191256830601,29.3661832623921,8,26.2295081967213,27.8205946696347,8,"Citalopram","Acute","None","Rat","Conditioned freezing","AA; microinjection in Thalamus","Acq retr to ctx"
"Izumi_2006_Citalopram_30_Acute_Rat_Healthy_ConditionedFreezing_AcqRetrContext","Izumi 2006",53.5,35.2,8,87.3,17.2,8,"Citalopram","Acute","None","Rat","Conditioned freezing",NA,"Acq retr to ctx"
"Jin_2016_Sertraline_15_Chronic_14x_Mouse_Healthy_ConditionedFreezing_AcqRetrContext","Jin 2016 (1)",28.9473684210526,16.6435666324652,8,74.3421052631579,31.2066874358722,8,"Sertraline","Chronic [daily, 14x]","None","Mouse","Conditioned freezing",NA,"Acq retr to ctx"
"Jin_2016_Sertraline_15_Chronic_14x_Rat_Time-dependentSentization_ConditionedFreezing_AcqLearnRetrContext","Jin 2016 (2)",56.0897435897436,20.271010642105,10,198.717948717949,25.3387633026312,10,"Sertraline","Chronic [daily, 14x]","Time-dependent sensitization","Rat","Conditioned freezing","Confounded measurement (acquisition)","Acq retr to ctx"
"Ju_2017_Fluoxetine_10_Chronic_16x_Mouse_Healthy_ConditionedFreezing_AcqRetrContext","Ju 2017",72.85,12.7421152090224,15,69.57,10.4957848682221,15,"Fluoxetine","Chronic [daily, 16x]","None","Mouse","Conditioned freezing",NA,"Acq retr to ctx"
"Karakaya_2021_100mg/L_Acute_Zebrafish_Healthy_ConditionedPlaceAversion_AcqRetrContext_Female","Karakaya 2021 (1)",59.0673575129534,55.6120533264196,5,35.2331606217617,98.4796777655348,5,"Citalopram","Acute","None","Zebrafish","Conditioned place aversion",NA,"Acq retr to ctx"
"Karakaya_2021_100mg/L_Acute_Zebrafish_Healthy_ConditionedPlaceAversion_AcqRetrContext_Male","Karakaya 2021 (2)",37.8238341968912,63.7221444365225,5,55.9585492227979,64.8807288808229,5,"Citalopram","Acute","None","Zebrafish","Conditioned place aversion",NA,"Acq retr to ctx"
"Kasahara_2015_Citalopram_30_Acute_Rat_Healthy_ConditionedFreezing_AcqRetrContext","Kasahara 2015",39.6039603960396,24.7524752475248,16,70.7920792079208,24.7524752475248,16,"Citalopram","Acute","None","Rat","Conditioned freezing",NA,"Acq retr to ctx"
"Kassai_2012_Escitalopram_10_Acute_Rat_Heatlhy_ConditionedFreezing_AcqRetrContext","Kassai 2012 (1)",39.6907216494845,45.6411208684096,10,209.278350515464,148.77185247074,17,"Escitalopram","Acute","None","Rat","Conditioned freezing",NA,"Acq retr to ctx"
"Kassai_2012_Fluoxetine_40_Acute_Rat_Heatlhy_ConditionedFreezing_AcqRetrContext","Kassai 2012 (2)",5.46875,8.930431353897,6,193.229166666667,133.956470308455,24,"Fluoxetine","Acute","None","Rat","Conditioned freezing",NA,"Acq retr to ctx"
"Kassai_2012_Paroxetine_2.5_Acute_Rat_Heatlhy_ConditionedFreezing_AcqRetrContext","Kassai 2012 (3)",45.1030927835052,77.7868185366859,11,196.649484536082,111.578889353055,17,"Paroxetine","Acute","None","Rat","Conditioned freezing",NA,"Acq retr to ctx"
"Kassai_2012_Sertraline_20_Acute_Rat_Heatlhy_ConditionedFreezing_AcqRetrContext","Kassai 2012 (4)",14.5833333333333,25.2590742770461,12,236.979166666667,139.783361029964,30,"Sertraline","Acute","None","Rat","Conditioned freezing",NA,"Acq retr to ctx"
"Kitaichi_2014_Citalopram_1umol/L_Acute_Rat_Healthy_ConditionedFreezing_AcqRetrContext","Kitaichi 2014",19.2139737991266,19.7619362427681,8,49.7816593886463,32.6782304521742,14,"Citalopram","Acute","None","Rat","Conditioned freezing","AA; unilateral cannulae implantation","Acq retr to ctx"
"Lee_1992_Fluoxetine_6_Acute_Rat_Healthy_InhibitoryAvoidance_AcqRetrContext","Lee 1992",222.58064516129,240,16,73.5483870967742,152.080267978554,14,"Fluoxetine","Acute","None","Rat","Inhibitory avoidance","AA; bilateral cannulae in lateral septum","Acq retr to ctx"
"Li_2001_Fluvoxamine_60_Acute_Rat_Healthy_ConditionedFreezing_AcqRetrContext","Li 2001",45.0549450549451,29.52753591768,8,82.4175824175824,20.2030508910442,8,"Fluvoxamine","Acute","None","Rat","Conditioned freezing",NA,"Acq retr to ctx"
"Martinez_2007_Fluoxetine_3.5 nmol/0.2µL_Acute_Rat_Healthy_ConditionedFreezing_AcqRetrContext_LateralAmygdala","Martinez 2007 (1)",439.024390243902,92.3372887618826,13,267.073170731707,46.2772340512446,10,"Fluoxetine","Acute","None","Rat","Conditioned freezing","AA; unilateral bipolar electrode implantation and unilateral guid cannulae implantation","Acq retr to ctx"
"Martinez_2007_Fluoxetine_3.5 nmol/0.2µL_Acute_Rat_Healthy_ConditionedFreezing_AcqRetrContext_BasoLateralAmygdala","Martinez 2007 (2)",402.395209580838,90.8918129868756,10,280.239520958084,64.6706586826347,9,"Fluoxetine","Acute","None","Rat","Conditioned freezing","AA; unilateral bipolar electrode implantation and unilateral guid cannulae implantation","Acq retr to ctx"
"Masuda_2013_Citalopram_100_Acute_Rat_Healthy_ConditionedFreezing_AcqRetrContext","Masuda 2013",28.3950617283951,27.1604938271605,8,73.4567901234568,19.7530864197531,8,"Citalopram","Acute","None","Rat","Conditioned freezing",NA,"Acq retr to ctx"
"McMurray_2019_Fluoxetine_18_Chronic_31x_Mouse_Healthy_ConditionedFreezing_AcqRetrContext","McMurray 2019",11.3245033112583,9.27199620363817,18,20.4635761589404,16.0152661699205,18,"Fluoxetine","Chronic [daily, 31x]","None","Mouse","Conditioned freezing","Confounded measurement (acquisition)","Acq retr to ctx"
"Miao_2014_Setraline_15_Chronic_18x_Rat_SingleProlongedStress_ConditionedFreezing_AcqRetrContext_1","Miao 2014 (1)",29.3877551020408,12.9072557557893,10,56.734693877551,30.9774138138943,10,"Sertraline","Chronic [daily, 18x]","Single prolonged stress","Rat","Conditioned freezing","Confounded measurement (acquisition)","Acq retr to ctx"
"Miao_2014_Setraline_15_Chronic_18x_Rat_SingleProlongedStress_ConditionedFreezing_AcqRetrContext_2","Miao 2014 (2)",32.6530612244898,10.3258046046314,10,59.1836734693878,25.8145115115786,10,"Sertraline","Chronic [daily, 18x]","Single prolonged stress","Rat","Conditioned freezing","Confounded measurement (acquisition)","Acq retr to ctx"
"Miao_2014_Setraline_15_Chronic_18x_Rat_SingleProlongedStress_ConditionedFreezing_AcqRetrContext_3","Miao 2014 (3)",36.5128205128205,18.1628255353261,10,57.025641025641,23.352204259705,10,"Sertraline","Chronic [daily, 18x]","Single prolonged stress","Rat","Conditioned freezing","Confounded measurement (acquisition)","Acq retr to ctx"
"Miao_2014_Setraline_15_Chronic_18x_Rat_SingleProlongedStress_ConditionedFreezing_AcqRetrContext_4","Miao 2014 (4)",36.8932038834951,19.6491039078424,10,57.8640776699029,24.5613798848029,10,"Sertraline","Chronic [daily, 18x]","Single prolonged stress","Rat","Conditioned freezing","Confounded measurement (acquisition)","Acq retr to ctx"
"Miyajima_2017_Fluoxetine_20_Acute_Mouse_Healthy_ConditionedFreezing_AcqRetrContext","Miyajima 2017 (1)",34.72,22.74,6,68.22,17.61,6,"Fluoxetine","Acute","None","Mouse","Conditioned freezing",NA,"Acq retr to ctx"
"Miyajima_2017_Fluoxetine_20_Acute_Mouse_Pdcd2-/-_ConditionedFreezing_AcqRetrContext","Miyajima 2017 (2)",44.74,22.74,6,88.26,11.01,6,"Fluoxetine","Acute","Pdcd2-/-","Mouse","Conditioned freezing",NA,"Acq retr to ctx"
"Miyamoto_2000_Fluvoxamine_20_Acute_Mouse_Healthy_ConditionedFreezing_AcqRetrContext","Miyamoto 2000",89.51,81.81,9,241.26,60.84,9,"Fluvoxamine","Acute","None","Mouse","Conditioned freezing",NA,"Acq retr to ctx"
"Miyamoto_2004_Fluvoxamine_10_Acute_Mouse_Healthy_ConditionedFreezing_AcqRetrContext","Miyamoto 2004",46.42,29.6143309902486,6,206.48,59.2286619804972,6,"Fluovoxamine","Acute","None","Mouse","Conditioned freezing",NA,"Acq retr to ctx"
"Mochizuki_2002_Fluoxetine_60_Acute_Rat_Healthy_ConditionedFreezing_AcqRetrContext","Mochizuki 2002 (1)",46.9135802469136,19.7530864197531,16,70.9876543209877,24.6913580246914,16,"Fluoxetine","Acute","None","Rat","Conditioned freezing","AA; unilateral guide cannulae implantation","Acq retr to ctx"
"Mochizuki_2002_Fluvoxamine_100_Acute_Rat_Healthy_ConditionedFreezing_AcqRetrContext","Mochizuki 2002 (2)",42.5925925925926,24.6913580246914,16,77.1604938271605,24.6913580246914,16,"Fluvoxamine","Acute","None","Rat","Conditioned freezing","AA; unilateral guide cannulae implantation","Acq retr to ctx"
"Molewijk_1995_Fluvoxamine_3_Acute_Rat_Healthy_ConditionedFreezing_AcqRetrContext","Molewijk 1995",196.969696969697,80.8080808080808,4,373.737373737374,70.7070707070707,4,"Fluvoxamine","Acute","None","Rat","Conditioned freezing",NA,"Acq retr to ctx"
"Montezinho_2010_Escitalopram_1_Acute_Rat_Healthy_ConditionedFreezing_AcqRetrContext_1","Montezinho 2010 (1)",12.5714285714286,10.842094834863,10,36.8571428571429,19.8771738639155,10,"Escitalopram","Acute","None","Rat","Conditioned freezing",NA,"Acq retr to ctx"
"Montezinho_2010_Escitalopram_1_Acute_Rat_Healthy_ConditionedFreezing_AcqRetrContext_2","Montezinho 2010 (2)",14.2222222222222,11.2436539028209,10,38.2222222222222,19.6763943299366,10,"Escitalopram","Acute","None","Rat","Conditioned freezing",NA,"Acq retr to ctx"
"Montezinho_2010_Escitalopram_5_Acute_Rat_Healthy_ConditionedFreezing_AcqRetrContext_1","Montezinho 2010 (3)",77.8894472361809,42.9052747862042,10,25.6281407035176,25.4253480214543,10,"Escitalopram","Acute","None","Rat","Conditioned freezing",NA,"Acq retr to ctx"
"Montezinho_2010_Escitalopram_5_Acute_Rat_Healthy_ConditionedFreezing_AcqRetrContext_2","Montezinho 2010 (4)",70.3517587939699,28.6035165241361,10,17.0854271356784,17.4799267647498,10,"Escitalopram","Acute","None","Rat","Conditioned freezing",NA,"Acq retr to ctx"
"Muraki_1999_Citalopram_30_Acute_Rat_Healthy_ConditionedFreezing_AcqRetrContext_1","Muraki 1999 (1)",37.8947368421053,28.421052631579,16,63.1578947368421,23.1578947368421,16,"Citalopram","Acute","None","Rat","Conditioned freezing",NA,"Acq retr to ctx"
"Muraki_1999_Citalopram_3_Acute_Rat_Healthy_ConditionedFreezing_AcqRetrContext_2","Muraki 1999 (2)",78.8571428571429,29.7142857142857,8,61.1428571428571,29.7142857142857,8,"Citalopram","Acute","None","Rat","Conditioned freezing",NA,"Acq retr to ctx"
"Muraki_1999_Citalopram_3_Acute_Rat_Healthy_ConditionedFreezing_AcqRetrContext_3","Muraki 1999 (3)",59.4285714285714,17.7786847841189,8,71.4285714285714,14.5461966415518,8,"Citalopram","Acute","None","Rat","Conditioned freezing",NA,"Acq retr to ctx"
"Muraki_1999_Citalopram_30_Acute_Rat_Healthy_ConditionedFreezing_AcqRetrContext_4","Muraki 1999 (4)",30.3370786516854,40.4494382022472,8,61.7977528089888,33.7078651685393,8,"Citalopram","Acute","None","Rat","Conditioned freezing",NA,"Acq retr to ctx"
"Muraki_1999_Citalopram_30_Acute_Rat_Healthy_ConditionedFreezing_AcqRetrContext_5","Muraki 1999 (5)",20.2247191011236,23.835060039996,8,77.5280898876404,15.890040026664,8,"Citalopram","Acute","None","Rat","Conditioned freezing",NA,"Acq retr to ctx"
"Muraki_2008_Citalopram_100_Acute_Rat_Healthy_ConditionedFreezing_AcqRetrContext_1","Muraki 2008 (1)",14.1242937853107,14.3818328376925,8,71.7514124293785,20.7737585433336,8,"Citalopram","Acute","None","Rat","Conditioned freezing",NA,"Acq retr to ctx"
"Muraki_2008_Citalopram_3_Acute_Rat_Healthy_ConditionedFreezing_AcqRetrContext_2","Muraki 2008 (2)",58.6046511627907,31.9003315339205,24,73.4883720930233,22.7859510956575,24,"Citalopram","Acute","None","Rat","Conditioned freezing",NA,"Acq retr to ctx"
"Muraki_2008_Citalopram_30_Acute_Rat_Healthy_ConditionedFreezing_AcqRetrContext_3","Muraki 2008 (3)",33.8983050847458,38.3515542338466,8,65.5367231638418,38.3515542338466,8,"Citalopram","Acute","None","Rat","Conditioned freezing",NA,"Acq retr to ctx"
"Muraki_2008_Citalopram_30_Acute_Rat_Healthy_ConditionedFreezing_AcqRetrContext_4","Muraki 2008 (4)",23.6607142857143,29.4642857142857,9,70.5357142857143,28.125,9,"Citalopram","Acute","None","Rat","Conditioned freezing",NA,"Acq retr to ctx"
"Nakamura_2011_Fluoxetine_10_Acute_Mouse_Healthy_ConditionedFreezing_AcqRetrContext","Nakamura 2011",52.4,29.6388258876765,6,201,102.143722274059,6,"Fluoxetine","Acute","None","Mouse","Conditioned freezing",NA,"Acq retr to ctx"
"Nelson_2007_Paroxetine_5_Chronic_15x_Mouse_3xTgAD_PassiveAvoidance_AcqRetrContext_Females","Nelson 2007 (1)",325.46,74.91,5,464.94,111.07,5,"Paroxetine","Chronic [daily, ~150x]","3xTgAD","Mouse","Passive avoidance","Confounded measurement (acquisition); Chronic stress 5 months of injections","Acq retr to ctx"
"Nelson_2007_Paroxetine_5_Chronic_15x_Mouse_3xTgAD_PassiveAvoidance_AcqRetrContext_Males","Nelson 2007 (2)",524.35,54.24,5,447.86,123.99,5,"Paroxetine","Chronic [daily, ~150x]","3xTgAD","Mouse","Passive avoidance","Confounded measurement (acquisition); Chronic stress 5 months of injections","Acq retr to ctx"
"Nelson_2007_Paroxetine_5_Chronic_15x_Mouse_Healthy_PassiveAvoidance_AcqRetrContext_Males","Nelson 2007 (3)",415.87,69.74,5,328.04,36.16,5,"Paroxetine","Chronic [daily, ~150x]","None","Mouse","Passive avoidance","Confounded measurement (acquisition); Chronic stress 5 months of injections","Acq retr to ctx"
"Nelson_2007_Paroxetine_5_Chronic_15x_Mouse_Healthy_PassiveAvoidance_AcqRetrContext_Females","Nelson 2007 (4)",315.13,10.33,5,235.06,31,5,"Paroxetine","Chronic [daily, ~150x]","None","Mouse","Passive avoidance","Confounded measurement (acquisition); Chronic stress 5 months of injections","Acq retr to ctx"
"Nishikawa_2007_Citalopram_30_Acute_Rat_Healthy_ConditionedFreezing_AcqRetrContext","Nishikawa 2007 (1)",46.4,45.8205194208883,8,84,24.3244732728172,8,"Citalopram","Acute","None","Rat","Conditioned freezing",NA,"Acq retr to ctx"
"Nishikawa_2007_Fluvoxamine_60_Acute_Rat_Healthy_ConditionedFreezing_AcqRetrContext","Nishikawa 2007 (2)",51,35.638181771802,8,70.9,28.8499566724111,8,"Fluvoxamine","Acute","None","Rat","Conditioned freezing",NA,"Acq retr to ctx"
"Nishikawa_2007_Paroxetine_20_Acute_Rat_Healthy_ConditionedFreezing_AcqRetrContext","Nishikawa 2007 (3)",32.5,43.5577777210913,8,78.6,27.1529003975634,8,"Paroxetine","Acute","None","Rat","Conditioned freezing",NA,"Acq retr to ctx"
"Ohno_2018_Fluvoxamine_20_Acute_Rat_Healthy_ConditionedFreezing_AcqRetrContext","Ohno 2018",121.81,66.7915204198856,20,188.61,53.0016980860048,20,"Fluvoxamine","Acute","None","Mouse","Conditioned freezing",NA,"Acq retr to ctx"
"Pamplona_2011_Fluoxetine_20_Chronic_25x_Mouse_Healthy_CODA_AcqRetrContext","Pamplona 2011",174.81,135.60534613355,10,251.11,96.8547345254738,10,"Fluoxetine","Chronic [daily, 25x]","None","Mouse","CODA",NA,"Acq retr to ctx"
"Pettersson_2015_Escitalopram_10_Acute_Rat_Healthy_FPS_AcqRetrContext_MeanStartle","Pettersson 2015",839.7,347.404245800192,19,633.2,276.329314405837,21,"Escitalopram","Acute","None","Rat","Fear potentiated startle",NA,"Acq retr to ctx"
"Prajapati_2020_Paroxetine_10_Subchronic_6x_Rat_VariableStress_ConditionedFreezing_AcqLearnRetrContext","Prajapati 2020",71.9457013574661,13.3003967933928,6,72.8506787330317,13.8545799931175,6,"Paroxetine","Subchronic [daily, 6x]","Variable stress","Rat","Conditioned freezing",NA,"Acq retr to ctx"
"Prajapati_2021a_Paroxetine_10_Chronic_25x_Rat_VariableStress_ConditionedFreezing_AcqRetrContext","Prajapati 2021a",50.2040816326531,15.9966677079718,6,50.6122448979592,5.99875039048942,6,"Paroxetine","Chronic [daily, 25x]","Variable stress","Rat","Conditioned freezing",NA,"Acq retr to ctx"
"Prajapati_2021b_Sertraline_10_Chronic_25x_Rat_VariableStress_ConditionedFreezing_AcqRetrContext","Prajapati 2021b",43.6607142857143,15.1522881682832,8,46.6071428571429,17.0463241893186,8,"Setraline","Chronic [daily, 25x]","Variable stress","Rat","Conditioned freezing",NA,"Acq retr to ctx"
"Qiu_2013_Sertraline_15_Chronic_15x_Mouse_Heallthy_ConditionedFreezing_AcqRetrContext","Qiu 2013",3.4020618556701,5.37913210234827,10,19.1752577319588,16.1373963070448,10,"Sertraline","Chronic [daily, 15x]","None","Mouse","Conditioned freezing",NA,"Acq retr to ctx"
"Qiu_2017_Sertraline_15_Chronic_8x_Rat_Healthy_ConditionedFreezing_AcqRetrContext","Qiu 2017",34.4086021505376,10.8809553898267,10,54.1935483870968,13.6011942372834,10,"Sertraline","Chronic [daily, 8x]","None","Rat","Conditioned freezing","Confounded measurement (acquisition)","Acq retr to ctx"
"Sánchez_2003_Citalopram_8_Acute_Rat_Healthy_ConditionedFearStress_AcqRetrContext","Sánchez 2003 (1)",249.874055415617,102.592822660819,9,110.831234256927,119.691626437622,4.5,"Citalopram","Acute","None","Rat","Conditioned freezing",NA,"Acq retr to ctx"
"Sánchez_2003_Escitalopram_3.9_Acute_Rat_Healthy_ConditionedFearStress_AcqRetrContext","Sánchez 2003 (2)",715.3846154,203.986164236695,9,111.5384615,114.211887297251,4.5,"Escitalopram","Acute","None","Rat","Conditioned freezing",NA,"Acq retr to ctx"
"Sánchez_2003_Citalopram_4_Acute_Rat_Healthy_ConditionedFearStress_AcqRetrContext","Sánchez 2003 (3)",323.8095238,113.151227125471,9,121.9047619,76.7917964368591,4.5,"Citalopram","Acute","None","Rat","Conditioned freezing",NA,"Acq retr to ctx"
"Sánchez_2003_Escitalopram_2_Acute_Rat_Healthy_ConditionedFearStress_AcqRetrContext","Sánchez 2003 (4)",412,101.823376490863,9,122,76.3675323681471,4.5,"Escitalopram","Acute","None","Rat","Conditioned freezing",NA,"Acq retr to ctx"
"Sanders_2016_Fluoxetine_19_Chronic_30x_Mouse_Healthy_ConditionedFreezing_AcqRetrContext_1","Sanders 2016 (1)",6.81818181818182,7.21568539381252,6,51.8181818181818,16.7010664280671,8,"Fluoxetine","Chronic [daily, 30x]","None","Mouse","Conditioned freezing","Confounded measurement (acquisition)","Acq retr to ctx"
"Sanders_2016_Fluoxetine_19_Chronic_30x_Mouse_Healthy_ConditionedFreezing_AcqRetrContext_2","Sanders 2016 (2)",15.5801104972376,9.37600151849566,8,34.8066298342541,12.9917688015019,8,"Fluoxetine","Chronic [daily, 24x]","None","Mouse","Conditioned freezing","Confounded measurement (acquisition)","Acq retr to ctx"
"Santos_2006_Fluoxetine_10_Acute_Rat_Healthy_FPS_AcqRetrContext_ModerateFear","Santos 2006 (1)",303.18,194.56750191129,18,499.36,367.497536318272,18,"Fluoxetine","Acute","None","Rat","Fear potentiated startle",NA,"Acq retr to ctx"
"Santos_2006_Fluoxetine_10_Subchronic_3x_In_24hr_Rat_Healthy_FPS_AcqRetrContext_ModerateFear","Santos 2006 (2)",517.2,443.18624617648,18,484.08,389.135003822581,18,"Fluoxetine","Subchronic [3x in 24 h]","None","Rat","Fear potentiated startle",NA,"Acq retr to ctx"
"Santos_2006_Fluoxetine_20_Acute_Rat_Healthy_FPS_AcqRetrContext_HighFear","Santos 2006 (3)",517.22,369.109739779378,18,340.79,215.356441278175,18,"Fluoxetine","Acute","None","Rat","Fear potentiated startle",NA,"Acq retr to ctx"
"Santos_2006_Fluoxetine_20_Subchronic_3x_In_24hr_Rat_Healthy_FPS_AcqRetrContext_HighFear","Santos 2006 (4)",671.9,461.429601131093,18,277.95,184.554869889689,18,"Fluoxetine","Subchronic [3x in 24 h]","None","Rat","Fear potentiated startle",NA,"Acq retr to ctx"
"Song_2018_Sertraline_15_Chronic_10x_Rat_SingleProlongedStress_ConditionedFreezing_AcqRetrContext","Song 2018",75,68.2764494809082,10,201.136363636364,46.7154654343056,10,"Sertraline","Chronic [daily, 10x]","Single prolonged stress","Rat","Conditioned freezing","Confounded measurement (acquisition)","Acq retr to ctx"
"Spennato_2008_Fluoxetine_7_Chronic_21x_Rat_Healthy_ConditionedFreezing_AcqRetrContext_1","Spennato 2008 (1)",73.1707317073171,16.361473006096,5,55.4878048780488,25.9056655929854,5,"Fluoxetine","Chronic [daily, 21x]","None","Rat","Conditioned freezing","AA; unilateral electrode implantation eyelid","Acq retr to ctx"
"Spennato_2008_Fluoxetine_7_Chronic_21x_Rat_Healthy_ConditionedFreezing_AcqRetrContext_2","Spennato 2008 (2)",73.33,12.9244729099488,5,52.44,20.795432190748,5,"Fluoxetine","Chronic [daily, 21x]","None","Rat","Conditioned freezing","AA; unilateral electrode implantation hippocampus and eyelid","Acq retr to ctx"
"Su_2019_Sertraline_15_Chronic_7x_Rat_SingleProlongedStress_ConditionedFreezing_AcqRetrContext","Su 2019",27.89115646,2.71955878774481,10,37.07482993,2.71955878774481,10,"Sertraline","Chronic [daily, 7x]","Single prolonged stress","Rat","Conditioned freezing","Confounded measurement (acquisition)","Acq retr to ctx"
"Takahashi_2006_Paroxetine_0.03mg/ml_Chronic_14x_Rat_SingleProlongedStress_ConditionedFreezing_AcqRetrContext","Takahashi 2006 (1)",55.125,9,9,106.875,10.14,9,"Paroxetine","Chronic [daily, 14x]","Single prolonged stress","Rat","Conditioned freezing","Confounded measurement (acquisition)","Acq retr to ctx"
"Takahashi_2006_Paroxetine_0.03mg/ml_Chronic_14x_Rat_Healthy_ConditionedFreezing_AcqRetrContext","Takahashi 2006 (2)",55.125,7.89,9,67.5,10.14,9,"Paroxetine","Chronic [daily, 14x]","None","Rat","Conditioned freezing","Confounded measurement (acquisition)","Acq retr to ctx"
"Takahashi_2006_Paroxetine_2.5_Subchronic_2x_Rat_SingleProlongedStress_ConditionedFreezing_AcqRetrContext","Takahashi 2006 (3)",131.444141689373,36.0415384496707,6,116.730245231608,38.4443076796488,6,"Paroxetine","Subchronic [daily, 2x]","Single prolonged stress","Rat","Conditioned freezing","Confounded measurement (acquisition)","Acq retr to ctx"
"Valentine_2008_Citalopram_5_Subchronic_6x_Rat_Healthy_Two-wayActiveAvoidance_AcqRetrContext","Valentine 2008 (1)",15.0738916256158,12.0196034882299,7,19.064039408867,5.15125863781282,7,"Citalopram","Subchronic [daily, 6x]","None","Rat","Two-way active avoidance",NA,"Acq retr to ctx"
"Valentine_2008_Fluoxetine_5_Subchronic_6x_Rat_Healthy_Two-wayActiveAvoidance_AcqRetrContext_4","Valentine 2008 (2)",11.28,7.59330626275538,7,18.09,11.1121555064713,7,"Fluoxetine","Subchronic [daily, 6x]","None","Rat","Two-way active avoidance",NA,"Acq retr to ctx"
"Valentine_2008_Fluoxetine_5_Chronic_21x_Rat_Healthy_Two-wayActiveAvoidance_AcqRetrContext_1","Valentine 2008 (3)",18.98,9.63053477227511,7,25.87,2.03722850951974,7,"Fluoxetine","Chronic [daily, 21x]","None","Rat","Two-way active avoidance",NA,"Acq retr to ctx"
"Valentine_2008_Fluoxetine_5_Chronic_20x_Rat_Healthy_Two-wayActiveAvoidance_AcqRetrContext_2","Valentine 2008 (4)",11.32,12.3556586226716,7,19.31,14.0224819486423,7,"Fluoxetine","Chronic [daily, 20x]","None","Rat","Two-way active avoidance",NA,"Acq retr to ctx"
"Valentine_2008_Fluoxetine_5_Chronic_21x_Rat_Healthy_Two-wayActiveAvoidance_AcqRetrContext_3","Valentine 2008 (5)",21.57,6.74666584321471,7,20.72,7.93725393319377,7,"Fluoxetine","Chronic [daily, 21x]","None","Rat","Two-way active avoidance",NA,"Acq retr to ctx"
"Valentine_2008_Fluoxetine_5_Chronic_21x_Rat_ChronicUnpredictableStress_Two-wayActiveAvoidance_AcqRetrContext","Valentine 2008 (6)",7.10144927536232,4.25998216136205,5,19.5652173913043,2.8399881075747,5,"Fluoxetine","Chronic [daily, 21x]","Chronic unpredictable stress","Rat","Two-way active avoidance",NA,"Acq retr to ctx"
"Verma_2016_Sertraline_15_Chronic_13x_Mouse_Healthy_ConditionedFreezing_AcqRetrContext","Verma 2016",52.7472527472528,4.12087912087912,6,273.626373626374,3.2967032967033,6,"Sertraline","Chronic [daily, 13x]","None","Mouse","Conditioned freezing","Confounded measurement (acquisition)","Acq retr to ctx"
"Villard_2011_Fluoxetine_20_Acute_Mouse_Healthy_ConditionedFreezing_AcqRetrContext","Villard 2011 (1)",189.189189189189,85.4669637883346,10,162.162162162162,56.1746207860176,12,"Fluoxetine","Acute","None","Mouse","Conditioned freezing",NA,"Acq retr to ctx"
"Villard_2011_Fluvoxamine_40_Acute_Mouse_Healthy_ConditionedFreezing_AcqRetrContext","Villard 2011 (2)",481.48,82.6619380368014,10,172.11,151.56796825187,10,"Fluvoxamine","Acute","None","Mouse","Conditioned freezing",NA,"Acq retr to ctx"
"Villard_2011_Sertraline_40_Acute_Mouse_Healthy_ConditionedFreezing_AcqRetrContext","Villard 2011 (3)",362.162162162162,85.4669637883346,10,124.324324324324,68.3735710306677,10,"Sertraline","Acute","None","Mouse","Conditioned freezing",NA,"Acq retr to ctx"
"Yokoyama_2009_Fluvoxamine_60_Subchronic_5x_Rat_Healthy_ConditionedFreezing_AcqRetrContext","Yokoyama 2009 (1)",162.8571429,17.14,7,233.5714286,9.64,7,"Fluvoxamine","Subchronic [daily, 5x]","None","Rat","Conditioned freezing",NA,"Acq retr to ctx"
"Yokoyama_2009_Fluvoxamine_60_Acute_Rat_Healthy_ConditionedFreezing_AcqRetrContext","Yokoyama 2009 (2)",152.4822695,23.05,7,209.2198582,24.82,7,"Fluvoxamine","Acute","None","Rat","Conditioned freezing",NA,"Acq retr to ctx"
"Yoshimizu_2006_Fluvoxamine_30_Acute_Rat_Healthy_ConditionedFreezing_AcqRetrContext","Yoshimizu 2006",168,20,12,250,8,12,"Fluvoxamine","Acute","None","Rat","Conditioned freezing",NA,"Acq retr to ctx"
"Yu_2020_Fluoxetine_2.5_Chronic_16x_Mouse_Healthy_ConditionedFreezing_AcqRetrContext","Yu 2020",26.0606060606061,6.85679302968773,8,103.030303030303,17.9990817029303,8,"Fluoxetine","Chronic [daily, 16x]","None","Mouse","Conditioned freezing","Confounded measurement (acquisition)","Acq retr to ctx"
"Zhang_2012_Sertraline_15_Chronic_15x_Mouse_Healthy_ConditionedFreezing_AcqRetrContext","Zhang 2012",26.51,15.4319149816217,10,111.98,75.009226099194,10,"Sertraline","Chronic [daily, 15x]","None","Mouse","Conditioned freezing",NA,"Acq retr to ctx"
"Zhang_2014_Sertraline_15_Chronic_15x_Mouse_Healthy_ConditionedFreezing_AcqRetrContext","Zhang 2014 (1)",34.18,12.2063917682499,8,54.96,11.1944629169961,8,"Sertraline","Chronic [daily, 15x]","None","Mouse","Conditioned freezing",NA,"Acq retr to ctx"
"Zhang_2014_Sertraline_15_Chronic_15x_Mouse_TimeDependentSensitization_ConditionedFreezing_AcqRetrContext","Zhang 2014 (2)",71.1139896373057,44.2391175256716,8,211.010362694301,44.2391175256716,8,"Sertraline","Chronic [daily, 15x]","Time dependent sensitization","Mouse","Conditioned freezing","Confounded measurement (acquisition)","Acq retr to ctx"
"Zhang_2015_Sertraline_15_Chronic_15x_Mouse_Healthy_ConditionedFreezing_AcqRetrContext","Zhang 2015",18.2,56.5731473404123,8,78.14,15.8746338540453,8,"Sertraline","Chronic [daily, 15x]","None","Mouse","Conditioned freezing",NA,"Acq retr to ctx"
"Zhang_2016_Sertraline_15_Chronic_15x_Rat_TimeDependentSensitization_ConditionedFreezing_AcqRetrContext","Zhang 2016",29.09,5.09116882454314,8,60.36,8.73983981546573,8,"Sertraline","Chronic [daily, 15x]","Time dependent sensitization","Rat","Conditioned freezing","Confounded measurement (acquisition)","Acq retr to ctx"
"Zhang_2017_Sertraline_15_Subchronic_5x_Mouse_Healthy_ConditionedFreezing_AcqRetrContext","Zhang 2017",15.43,12.02,10,28.26,6.55,10,"Sertraline","Subchronic [daily, 5x]","None","Mouse","Conditioned freezing",NA,"Acq retr to ctx"
"Zhang_2020_Sertraline_15_Chronic_7x_Rat_TimeDependentSensitization_ConditionedFreezing_AcqRetrContext","Zhang 2020",149.553571428571,64.3848442047141,10,205.357142857143,64.3848442047141,10,"Sertraline","Chronic [daily, 7x]","Time dependent sensitization","Rat","Conditioned freezing","Confounded measurement (acquisition)","Acq retr to ctx"
"Bui_2013_Escitalopram_10_Chronic_14x_Human_Healthy_ConditionedFreezing_ExtLearnCue","Bui 2013",0.52,0.526087445202791,18,0.787,0.523239906734951,20,"Escitalopram","Chronic [daily, 14x]","None","Human","Conditioned freezing","Confounded measurement (acquisition & extinction)","Ext learn to cue"
"Burghardt_2013_Citalopram_10_Chronic_9x_Rat_Healthy_ConditionedFreezing_ExtLearnCue","Burghardt 2013 (1)",46.81,20.8791259395598,19,37.77,18.2242036863068,24,"Citalopram","Chronic [daily, 9x]","None","Rat","Conditioned freezing",NA,"Ext learn to cue"
"Burghardt_2013_Citalopram_10_Chronic_22x_Rat_Healthy_ConditionedFreezing_ExtLearnCue","Burghardt 2013 (2)",51.06,24.7096337488033,15,25.53,15.939460467657,14,"Citalopram","Chronic [daily, 22x]","None","Rat","Conditioned freezing",NA,"Ext learn to cue"
"Deschaux_2011_Fluoxetine_7_Chronic_16x_Rat_Healthy_ConditionedFreezing_AcqRetrCue","Deschaux 2011",55.0295857988166,35.5522340492303,10,31.9526627218935,26.1963829836434,10,"Fluoxetine","Chronic [daily, 16x]","None","Rat","Conditioned freezing","Confounded measurement (acquisition & extinction)","Ext learn to cue"
"Dutta_2019_Paroxetine_5_Subchronic_2x_Rat_Healthy_ConditionedFreezing_ExtLearnCue","Dutta 2019",80.6930693069307,28.1787118232826,8,98.019801980198,6.26193596072946,8,"Paroxetine","Subchronic [daily, 2x]","None","Rat","Conditioned freezing","Confounded measurement (acquisition & extinction)","Ext learn to cue"
"Jiao_2014_Paroxetine_10_Subchronic_6x_Rat_Healthy_ActiveAvoidance_ExtLearnCue_WK_AvoidanceBehavior(%)","Jiao 2014 (1)",31.5573770491803,27.8205946696347,8,72.1311475409836,32.7868852459016,16,"Paroxetine","Subchronic [daily, 6x]","None","Rat","Active avoidance",NA,"Ext learn to cue"
"Jiao_2014_Paroxetine_10_Subchronic_6x_Rat_Healthy_ActiveAvoidance_ExtLearnCue_SD_AvoidanceBehavior(%)","Jiao 2014 (2)",14.7826086956522,12.2975092380269,8,30.1724137931035,20.6896551724138,16,"Paroxetine","Subchronic [daily, 6x]","None","Rat","Active avoidance",NA,"Ext learn to cue"
"Regue_2019_Paroxetine_16_Acute_Mouse_VGV5-HT2CR_ConditionedFreezing_ExtLearnCue","Regue 2019 (1)",18.63,21.5519465478179,10,93.57,10.775973273909,10,"Paroxetine","Acute","VGV 5-HT2CR","Mouse","Conditioned freezing","Confounded measurement (acquisition & extinction)","Ext learn to cue"
"Regue_2019_Paroxetine_16_Acute_Mouse_VGV5-HT2CR_ConditionedFreezing_ExtLearnRetrCue","Regue 2019 (2)",17.2222222222222,22.8656840302852,10,87.7777777777778,20.7869854820775,10,"Paroxetine","Acute","VGV 5-HT2CR","Mouse","Conditioned freezing","Confounded measurement (acquisition and extinction); Learning measured as retrieval","Ext learn to cue"
"Regue_2019_Paroxetine_16_Acute_Mouse_Healthy_ConditionedFreezing_ExtLearnCue","Regue 2019 (3)",15.08,18.2592880474568,10,60.09,20.7287819227276,10,"Paroxetine","Acute","None","Mouse","Conditioned freezing","Confounded measurement (acquisition & extinction)","Ext learn to cue"
"Regue_2019_Paroxetine_5.5_Chronic_28x_Mouse_VGV5-HT2CR_ConditionedFreezing_ExtLearnCue","Regue 2019 (4)",34.9,26.5003773558038,10,79.02,22.4127374499413,10,"Paroxetine","Chronic [daily, 28x]","VGV 5-HT2CR","Mouse","Conditioned freezing",NA,"Ext learn to cue"
"Regue_2019_Paroxetine_16_Acute_Mouse_Healthy_ConditionedFreezing_ExtLearnRetrCue","Regue 2019 (5)",4.44444444444444,14.5508898374542,10,30.5555555555556,29.1017796749084,10,"Paroxetine","Acute","None","Mouse","Conditioned freezing","Confounded measurement (acquisition and extinction); Learning measured as retrieval","Ext learn to cue"
"Regue_2019_Paroxetine_5.5_Chronic_28x_Mouse_Healthy_ConditionedFreezing_ExtLearnCue","Regue 2019 (6)",22.75,12.1219305393159,16,14.51,18.5952063715356,16,"Paroxetine","Chronic [daily, 28x]","None","Mouse","Conditioned freezing",NA,"Ext learn to cue"
"Riddle_2013_Fluoxetine_18_Chronic_23x_Mouse_Healthy_ConditionedFreezing_ExtLearnCue","Riddle 2013",7.89,10.0692005640964,8,1.86,11.4622336392171,17,"Fluoxetine","Chronic [daily, 23x]","None","Mouse","Conditioned freezing","Confounded measurement (acquisition & extinction)","Ext learn to cue"
"Uniyal_2019_Sertraline_10_Chronic_11x_Rat_SingleProlongedStress_ConditionedFreezing_ExtLearnCue","Uniyal 2019",8.94,9.28658710183671,7,39.13,9.23367207561542,7,"Sertraline","Chronic[daily, 11x]","Single prolonged stress","Rat","Conditioned freezing",NA,"Ext learn to cue"
"Young_2017_Citalopram_20_Acute_Mouse_Healthy_ConditionedFreezing_ExtLearnCue","Young 2017 (1)",14.25,11.62,8,47.9,7.35,8,"Citalopram","Acute","None","Mouse","Conditioned freezing",NA,"Ext learn to cue"
"Young_2017_Citalopram_5_Acute_Mouse_Healthy_ConditionedFreezing_ExtLearnRetrCue","Young 2017 (2)",32.88,15.1,8,28.77,13.55,8,"Citalopram","Acute","None","Mouse","Conditioned freezing","Confounded measurement (extinction); Learning measured as retrieval","Ext learn to cue"
"Camp_2012_Fluoxetine_10_Chronic_23x_Mouse_Healthy_ConditionedFreezing_ExtLearnContext_B6_2","Camp 2012 (1)",10.3658536585366,10.3479041149251,8,24.390243902439,8.62325342910424,8,"Fluoxetine","Chronic [daily, 23x]","None","Mouse","Conditioned freezing",NA,"Ext learn to ctx"
"Camp_2012_Fluoxetine_10_Chronic_23x_Mouse_Healthy_ConditionedFreezing_ExtLearnContext_S1_2","Camp 2012 (2)",41.4634146341463,15.5218561723876,8,60.3658536585366,19.8334828869397,8,"Fluoxetine","Chronic [daily, 23x]","None","Mouse","Conditioned freezing",NA,"Ext learn to ctx"
"Camp_2012_Fluoxetine_10_Chronic_23x_Mouse_Healthy_ConditionedFreezing_ExtLearnContext_B6_1","Camp 2012 (3)",10.3658536585366,6.89860274328339,8,17.6829268292683,8.62325342910424,8,"Fluoxetine","Chronic [daily, 23x]","None","Mouse","Conditioned freezing","Confounded measurement (acquisition and extinction)","Ext learn to ctx"
"Camp_2012_Fluoxetine_10_Chronic_23x_Mouse_Healthy_ConditionedFreezing_ExtLearnContext_S1_1","Camp 2012 (4)",63.4146341463415,13.7972054865668,8,45.7317073170732,17.2465068582085,8,"Fluoxetine","Chronic [daily, 23x]","None","Mouse","Conditioned freezing","Confounded measurement (acquisition and extinction)","Ext learn to ctx"
"Lebrón-Milad_2013_Fluoxetine_12_Chronic_14x_Rat_Healthy_ConditionedFreezing_AcqRetrContext","Lebrón-Milad 2013 (1)",40.0763358778626,18.1167892453668,38,51.8320610687023,27.2047189097725,32,"Fluoxetine","Chronic [daily, 14x]","None","Rat","Conditioned freezing",NA,"Ext learn to ctx"
"Lebrón-Milad_2013_Fluoxetine_10_Acute_Rat_Healthy_ConditionedFreezing_AcqRetrContext","Lebrón-Milad 2013 (2)",46.7557251908397,16.6851091560263,39,36.0687022900763,19.236641221374,36,"Fluoxetine","Acute","None","Rat","Conditioned freezing",NA,"Ext learn to ctx"
"Melo_2012_Fluoxetine_20_Chronic_19x_Rat_Healthy_Plus-MazeDiscriminativeAvoidancTask_ExtLearnContext","Melo 2012",30.8383233532934,23.6697429653322,8,8.38323353293413,8.99450232682623,8,"Fluoxetine","Chronic [daily, 19x]","None","Rat","Plus-maze discriminative avoidance task","Confounded measurement (acquisition and extinction)","Ext learn to ctx"
"Xiong_2015_Fluoxetine_10_Chronic_33x_Rat_MaternalSeparation_ConditionedFreezing_AcqLearnContext","Xiong 2015 (1)",14.98,5.22,9,34.15,7.32,9,"Fluoxetine","Chronic [daily, 33x]","Maternal separation","Rat","Conditioned freezing","Confounded measurement (acquisition and extinction)","Ext learn to ctx"
"Xiong_2015_Fluoxetine_10_Chronic_31x_Rat_Healthy_ConditionedFreezing_AcqLearnContext","Xiong 2015 (2)",11.85,4.2,9,14.63,5.22,9,"Fluoxetine","Chronic [daily, 31x]","None","Rat","Conditioned freezing","Confounded measurement (acquisition and extinction)","Ext learn to ctx"
NA,NA,NA,NA,NA,NA,NA,NA,NA,NA,NA,NA,NA,NA,"Ext learn to ctx"
NA,NA,NA,NA,NA,NA,NA,NA,NA,NA,NA,NA,NA,NA,"Ext learn to ctx"
NA,NA,NA,NA,NA,NA,NA,NA,NA,NA,NA,NA,NA,NA,"Ext learn to ctx"
"Not enough articles/experiments for meta-analysis",NA,NA,NA,NA,NA,NA,NA,NA,NA,NA,NA,NA,NA,"Ext learn to ctx"
"Bui_2013_Escitalopram_10_Chronic_14x_Human_Healthy_ConditionedFreezing_ExtRetrCue","Bui 2013",0.62,0.436991990773286,18,0.272,0.433797187634959,20,"Escitalopram","Chronic [daily, 14x]","None","Human","Conditioned freezing","Confounded measurement (acquisition and extinction)","Ext retr to cue"
"Toth_2012_Fluoxetine_10_Acute_Rat_Healthy_ConditionedFreezing_ExtRetrCue","Toth 2012",35.75,33.0004166640362,11,39.52,30.4055915910215,8,"Fluoxetine","Acute","None","Rat","Conditioned freezing",NA,"Ext retr to cue"
"Karpova_2011_Fluoxetine_10_Chronic_25x_Mouse_Healthy_ConditionedFreezing_ExtRetrCue_1","Karpova 2011 (1)",16.78,15.7435701160823,31,21.79,16.8514509761029,31,"Fluoxetine","Chronic [daily, 25x]","None","Mouse","Conditioned freezing","Confounded measurement (acquisition and extinction)","Ext retr to cue"
"Karpova_2011_Fluoxetine_10_Chronic_16x_Mouse_Healthy_ConditionedFreezing_ExtRetrCue_2","Karpova 2011 (2)",12.63,23.3692319086443,10,16.72,17.202790471316,10,"Fluoxetine","Chronic [daily, 16x]","None","Mouse","Conditioned freezing","Confounded measurement (acquisition and extinction)","Ext retr to cue"
"Popova_2014_Fluoxetine_10_Chronic_14x_Mouse_Healthy_ConditionedFreezing_ExtRetrCue","Popova 2014",24.55,17.5138516608997,6,52.68,16.7300149432091,6,"Fluoxetine","Chronic [daily, 16x]","None","Mouse","Conditioned freezing","Confounded measurement (acquisition and extinction)","Ext retr to cue"
"Riddle_2013_Fluoxetine_18_Chronic_24x_Mouse_Healthy_ConditionedFreezing_ExtRetrCue","Riddle 2013",22.73,11.3702770414797,8,13.76,8.90590815133415,17,"Fluoxetine","Chronic [daily, 24x]","None","Mouse","Conditioned freezing","Confounded measurement (acquisition and extinction)","Ext retr to cue"
"Dutta_2019_Paroxetine_5_Subchronic_3x_Rat_Healthy_ConditionedFreezing_ExtRetrCue","Dutta 2019",46.8599033816425,39.7194295480086,8,31.8840579710145,21.3873851412354,8,"Paroxetine","Subchronic [daily, 3x]","None","Rat","Conditioned freezing","Confounded measurement (acquisition and extinction)","Ext retr to cue"
NA,NA,NA,NA,NA,NA,NA,NA,NA,NA,NA,NA,NA,NA,"Ext retr to cue"
NA,NA,NA,NA,NA,NA,NA,NA,NA,NA,NA,NA,NA,NA,"Ext retr to cue"
NA,NA,NA,NA,NA,NA,NA,NA,NA,NA,NA,NA,NA,NA,"Ext retr to cue"
NA,NA,NA,NA,NA,NA,NA,NA,NA,NA,NA,NA,NA,NA,"Ext retr to cue"
"Not enough articles/experiments for meta-analysis",NA,NA,NA,NA,NA,NA,NA,NA,NA,NA,NA,NA,NA,"Ext retr to cue"
"Camp_2012_Fluoxetine_10_Chronic_23x_Mouse_Healthy_ConditionedFreezing_ExtRetrContext_S1_2","Camp 2012 (1)",24.66,16.6417757465963,7,60.91,10.0009399558242,7,"Fluoxetine","Chronic [daily, 23x]","None","Mouse","Conditioned freezing","Confounded measurement (extinction)","Ext retr to ctx"
"Camp_2012_Fluoxetine_10_Chronic_23x_Mouse_Healthy_ConditionedFreezing_ExtRetrContext_S1_1","Camp 2012 (2)",32.36,13.4915973850393,8,55.18,18.4413448533452,8,"Fluoxetine","Chronic [daily, 23x]","None","Mouse","Conditioned freezing","Confounded measurement (acquisition and extinction)","Ext retr to ctx"
"Camp_2012_Fluoxetine_10_Chronic_23x_Mouse_Healthy_ConditionedFreezing_ExtRetrContext_B6_2","Camp 2012 (3)",20.64,9.31304461494736,7,25.92,15.318900091064,7,"Fluoxetine","Chronic [daily, 23x]","None","Mouse","Conditioned freezing","Confounded measurement (extinction)","Ext retr to ctx"
"Camp_2012_Fluoxetine_10_Chronic_23x_Mouse_Healthy_ConditionedFreezing_ExtRetrContext_B6_1","Camp 2012 (4)",33.86,19.1484516345317,8,31.1,9.92777920785913,8,"Fluoxetine","Chronic [daily, 23x]","None","Mouse","Conditioned freezing","Confounded measurement (acquisition and extinction)","Ext retr to ctx"
"Fitzgerald_2015_Fluoxetine_10_Chronic_22x_Rat_Healthy_ConditionedFreezing_ExtRetrContext","Fitzgerald 2015",72.72,11.1157186002525,5,87.19,7.60846896556725,5,"Fluoxetine","Chronic [daily, 22x]","None","Mouse","Conditioned freezing","AA; electrode implatation; confounded measurement (extinction)","Ext retr to ctx"
"Gottschalk_2018_Fluoxetine_10_Chronic_29x_Rat_Healthy_ConditionedFreezing_ExtRetrContext","Gottschalk 2018",72.62,52.65,9,100,63.72,9,"Fluoxetine","Chronic [daily, 29x]","None","Rat","Conditioned freezing","AA; intracranial self stimulation; confounded measurement (acquisition and extinction)","Ext retr to ctx"
"Ju_2017_Fluoxetine_10_Chronic_16x_Mouse_Healthy_ConditionedFreezing_ExtRetrContext","Ju 2017",13.91,6.73899102240091,15,13.14,4.4926606816006,15,"Fluoxetine","Chronic [daily, 16x]","None","Mouse","Conditioned freezing","Confounded measurement (acquisition and extinction)","Ext retr to ctx"
"Xiong_2015_Fluoxetine_10_Chronic_44x_Rat_MaternalSeparation_ConditionedFreezing_AcqLearnContext","Xiong 2015 (1)",3.83,6.78,9,37.11,20.37,9,"Fluoxetine","Chronic [daily, 44x]","Maternal separation","Rat","Conditioned freezing","Confounded measurement (acquisition and extinction)","Ext retr to ctx"
"Xiong_2015_Fluoxetine_10_Chronic_44x_Rat_Healthy_ConditionedFreezing_AcqLearnContext","Xiong 2015 (2)",9.41,8.37,9,14.11,16.2,9,"Fluoxetine","Chronic [daily, 44x]","None","Rat","Conditioned freezing","Confounded measurement (acquisition and extinction)","Ext retr to ctx"
NA,NA,NA,NA,NA,NA,NA,NA,NA,NA,NA,NA,NA,NA,"Ext retr to ctx"
NA,NA,NA,NA,NA,NA,NA,NA,NA,NA,NA,NA,NA,NA,"Ext retr to ctx"
NA,NA,NA,NA,NA,NA,NA,NA,NA,NA,NA,NA,NA,NA,"Ext retr to ctx"
"Not enough articles/experiments for meta-analysis",NA,NA,NA,NA,NA,NA,NA,NA,NA,NA,NA,NA,NA,"Ext retr to ctx"
